ticker,fiscal_year,filing_date,accession_number,source_file,total_net_revenue,net_interest_income,noninterest_revenue,total_noninterest_expense,pre_provision_profit,provision_credit_losses,income_before_tax,net_income,eps_basic,eps_diluted,efficiency_ratio,total_assets,total_liabilities,total_equity,total_loans_gross,allowance_loan_losses,net_loans,total_deposits,long_term_debt,short_term_borrowings,trading_assets,investment_securities_afs,investment_securities_htm,cash_due_from_banks,tier1_capital,tier1_capital_ratio,total_capital_ratio,tier1_leverage_ratio,cet1_ratio,rwa,tbvps,bvps,roe,roa,rotce,nim,net_charge_offs,net_charge_off_rate,npl,npa,npl_ratio,allowance_coverage_ratio,derivatives_notional,level1_assets,level2_assets,level3_assets,level3_pct_assets,var_value
BAC,1997,1998-03-13,0000950168-98-000724,1998-03-13_0000950168-98-000724.htm,,,,,,,,,,,,,,,,,,,,,,,,,,,,,,,,,,,,,,,,,,,,,,,,
BAC,1998,1999-03-22,0000950168-99-000782,1999-03-22_0000950168-99-000782.htm,,,,,,,,,,,,,,,,,,,,,,,,,,,,,,,,,,,,,,,,,,,,,,,,
BAC,1999,2000-03-20,0000950168-00-000621,2000-03-20_0000950168-00-000621.htm,,,,,,,,,,,,,,,,,,,,,,,,,,,,,,,,,,,,,,,,,,,,,,,,
BAC,2001,2002-03-27,0000950168-02-000551,2002-03-27_0000950168-02-000551.txt,,,,,,,,,,,,,,,,,,,,,,,,,,,,,,,,,,,,,,,,,,,,,,,,
BAC,2002,2003-03-03,0001021408-03-003673,2003-03-03_0001021408-03-003673.htm,,,,,,,,,,,,,,,,,,,,,,,,,,,,,,,,,,,,,,,,,,,,,,,,
BAC,2003,2004-03-01,0001193125-04-032312,2004-03-01_0001193125-04-032312.htm,,,,,,,,,,,,,,,,,,,,,,,,,,,,,,,,,,,,,,,,,,,,,,,,
BAC,2004,2005-03-01,0001193125-05-039878,2005-03-01_0001193125-05-039878.htm,48894.0,28797.0,20097.0,27027.0,21867.0,2769.0,21221.0,14143.0,,3.69,53.23,1044660.0,1010812.0,,472645.0,6163.0,32344.0,551559.0,93330.0,227558.0,,107107.0,153.0,28511.0,,,,,,,,,19.89,1.35,,,3113.0,9.624659906010388,88.0,,0.2720751916893396,7003.409090909091,,,,,,
BAC,2005,2006-03-16,0001193125-06-056053,2006-03-16_0001193125-06-056053.htm,56766.0,31156.0,25610.0,28681.0,28085.0,4014.0,25155.0,16886.0,,4.04,49.66,1291795.0,1190571.0,,537218.0,565737.0,71078.0,632432.0,101338.0,116269.0,,134490.0,283.0,33199.0,,,,,,,,,21.31,1.3,,,4562.0,6.418301021413096,,,,,,,,,,
BAC,2006,2007-02-28,0001193125-07-042036,2007-02-28_0001193125-07-042036.htm,73023.0,34591.0,38432.0,35597.0,37426.0,68.0,31973.0,21133.0,,4.59,46.86,1459737.0,1324465.0,,652417.0,69.0,145779.0,672995.0,146000.0,141300.0,,53446.0,7.0,34052.0,,,,,,,,,17.7,1.44,,,4539.0,3.113617187660774,1856.0,,1.27316005734708,3.7176724137931036,,,,,,
BAC,2007,2008-02-28,0001193125-08-041665,2008-02-28_0001193125-08-041665.htm,66319.0,34433.0,31886.0,37010.0,29309.0,58.0,20924.0,14982.0,,3.3,53.77,1715746.0,1568943.0,,776154.0,58.0,177665.0,717182.0,197508.0,191089.0,,16125.0,,33091.0,,,,,,,,,14.94,0.94,,,6480.0,3.6473137646694624,,,,,,,,,,
BAC,2008,2009-02-27,0001193125-09-041126,2009-02-27_0001193125-09-041126.htm,72782.0,45360.0,27422.0,41529.0,31253.0,75.0,4428.0,4008.0,,0.55,54.88,1817943.0,1640891.0,,910878.0,75.0,69574.0,831144.0,268292.0,158056.0,,51407.0,,45354.0,,,,,,,,,5.78,0.22,,,16231.0,23.329117198953632,18232.0,,26.20519159456119,0.411364633611233,,,,46.0,0.0025303323591553753,
BAC,2009,2010-02-26,0001193125-10-041666,2010-02-26_0001193125-10-041666.htm,119643.0,47109.0,72534.0,66713.0,52930.0,76.0,4360.0,6276.0,,,55.16,2223299.0,1991855.0,,900128.0,76.0,21257.0,991611.0,438521.0,69524.0,,791.0,,196237.0,,,,,,,,,10.55,0.26,,,33688.0,158.47955967446018,,,,,,,,,,
BAC,2010,2011-02-25,0000950123-11-018743,2011-02-25_0000950123-11-018743.htm,110220.0,51523.0,58697.0,83108.0,27112.0,96.0,2149.0,2238.0,,,74.61,2264909.0,2036661.0,,3.6,97.0,2550.0,1010430.0,448431.0,59962.0,,15873.0,,174621.0,,11.24,15.77,7.21,,1456000.0,,,5.58,0.42,,,34334.0,1.49,,,,,,,,29217.0,1.289985602070547,
BAC,2011,2012-02-23,0000070858-12-000155,2012-02-23_0000070858-12-000155.htm,94426.0,45588.0,48838.0,77090.0,17336.0,108.0,1883.0,1446.0,,0.32,85.01,2129046.0,1898945.0,,926200.0,109.0,6059.0,1033041.0,372265.0,35698.0,,11386.0,,112616.0,,12.4,9.86,7.53,,1284.0,,,,0.06,,,20833.0,,,,,,,,,17744.0,0.8334249236512504,
BAC,2012,2013-02-28,0000070858-13-000097,2013-02-28_0000070858-13-000097.htm,84235.0,41557.0,42678.0,72093.0,12142.0,109.0,3973.0,4188.0,,0.25,85.59,2209974.0,1973018.0,,907819.0,109.0,6457.0,1105261.0,275585.0,30731.0,,26336.0,,115739.0,,12.89,11.06,7.37,,1206.0,,,,0.19,,,4632.0,71.73610035620257,,,,,,,,13865.0,0.6273829465867019,
BAC,2013,2014-02-25,0000070858-14-000012,2014-02-25_0000070858-14-000012.htm,89801.0,43124.0,46677.0,69214.0,20587.0,104.0,17031.0,11431.0,,0.9,77.07,2102273.0,1869588.0,,928233.0,104.0,34256.0,1119271.0,249674.0,45999.0,,839.0,,109014.0,,12.44,11.19,7.86,,1298.0,,,,0.53,,,3376.0,9.85520784680056,,,,,,,,10697.0,0.5088302042598654,21.0
BAC,2014,2015-02-25,0000070858-15-000008,2015-02-25_0000070858-15-000008.htm,85116.0,40821.0,44295.0,75117.0,9999.0,95.0,7724.0,4833.0,,0.36,88.25,2104534.0,1861063.0,,881391.0,95.0,22635.0,1118936.0,243139.0,31172.0,,35.0,837.0,138589.0,,12.3,16.5,8.2,,1262.0,,,,0.23,,,2638.0,11.654517340402032,,,,,,,,6597.0,0.3134660689729888,
BAC,2015,2016-02-24,0000070858-16-000137,2016-02-24_0000070858-16-000137.htm,83416.0,40160.0,43256.0,57192.0,26224.0,88.0,23063.0,15888.0,,1.31,68.56,2144316.0,1888111.0,,903001.0,88.0,52626.0,1197259.0,236764.0,28098.0,,105.0,2507.0,159353.0,,11.6,15.7,8.6,11.6,1403.0,,,,0.74,,,2314.0,4.397066089005435,,,,,,,,1191.0,0.05554218687917266,
BAC,2016,2017-02-23,0000070858-17-000013,2017-02-23_0000070858-17-000013.htm,83701.0,41096.0,42605.0,54951.0,28750.0,75.0,25153.0,17906.0,,1.5,65.65,2187702.0,1920862.0,6.71,906683.0,75.0,31194.0,1260934.0,216823.0,23944.0,,227.0,3630.0,147738.0,,12.1,16.3,8.9,12.1,1399.0,,,,0.82,,,3821.0,12.24915047765596,,,,,,,,,,
BAC,2017,2018-02-22,0000070858-18-000009,2018-02-22_0000070858-18-000009.htm,87352.0,44667.0,42685.0,54743.0,32609.0,72.0,29213.0,18232.0,,1.56,62.67,2281234.0,2014088.0,,936749.0,72.0,41104.0,1309545.0,227402.0,32666.0,,67.0,3348.0,157434.0,,11.9,15.9,8.6,11.9,1434.0,,,,0.8,,,3979.0,9.68032308291164,,,,,,,,,,
BAC,2018,2019-02-26,0000070858-19-000012,2019-02-26_0000070858-19-000012.htm,91247.0,47432.0,43815.0,53381.0,37866.0,67.0,34584.0,28147.0,,2.61,58.5,2354507.0,2089182.0,,946895.0,67.0,31292.0,1381476.0,229340.0,20189.0,,52.0,6170.0,177404.0,,11.6,15.4,8.4,11.6,1437.0,,,,1.21,,,3763.0,12.025437811581236,,,,,,,,,,
BAC,2019,2020-02-19,0000070858-20-000011,2020-02-19_0000070858-20-000011.htm,91244.0,48891.0,42353.0,54900.0,36344.0,68.0,32754.0,27430.0,,2.75,60.17,2434079.0,2169269.0,,983426.0,68.0,46808.0,1434803.0,240856.0,24204.0,,102.0,5535.0,161560.0,,11.2,14.8,7.9,11.2,24.6,,,,1.14,,,3648.0,7.7935395658861735,,,,,,,,,,
BAC,2020,2021-02-24,0000070858-21-000023,2021-02-24_0000070858-21-000023.htm,85528.0,43360.0,42168.0,55213.0,30315.0,11320.0,18995.0,17894.0,,,65.97,2819627.0,2546703.0,,927861.0,76.0,36571.0,1632998.0,262934.0,19321.0,,1701.0,5737.0,380463.0,,13.5,14.9,7.7,11.9,27.4,,,,0.67,,,4121.0,11.268491427633917,,,,,,,,,,
BAC,2021,2022-02-22,0000070858-22-000062,2022-02-22_0000070858-22-000062.htm,89113.0,42934.0,46179.0,59731.0,29382.0,-4594.0,33976.0,31978.0,,,64.41,3169495.0,2899429.0,,979124.0,73.0,-58039.0,1914286.0,280117.0,23753.0,,1016.0,6416.0,348221.0,,13.5,14.4,7.6,10.6,26.9,,,,1.05,,,2243.0,,,,,,,,,,,
BAC,2022,2023-02-22,0000070858-23-000092,2023-02-22_0000070858-23-000092.htm,94950.0,52462.0,42488.0,61438.0,33512.0,2543.0,30969.0,27528.0,,3.19,55.33,3051375.0,2778178.0,,1045747.0,73.0,-86010.0,1986158.0,275982.0,26932.0,,960.0,5853.0,230203.0,,13.1,14.0,7.7,11.2,29.0,,,,0.88,,,2172.0,,,,,,,,,,,
BAC,2023,2024-02-20,0000070858-24-000122,2024-02-20_0000070858-24-000122.htm,98581.0,56931.0,41650.0,65845.0,32736.0,4394.0,28342.0,26515.0,,3.08,52.54,3180151.0,2888505.0,,1053732.0,71.0,-17484.0,1887541.0,302204.0,32098.0,,,5414.0,333073.0,,13.5,14.5,7.6,11.8,29.0,,,,0.84,,,3799.0,,,,,,,,,,,
BAC,2024,2025-02-25,0000070858-25-000139,2025-02-25_0000070858-25-000139.htm,101887.0,56060.0,45827.0,66812.0,35075.0,5821.0,29254.0,27132.0,,3.21,57.04,3261519.0,2965960.0,,1095835.0,72.0,-52576.0,1924106.0,283279.0,43391.0,,,5005.0,290114.0,,13.5,14.5,7.6,11.9,27.1,,,,0.83,,,6031.0,,,,,,,,,,,
BAC,2025,2026-02-25,0000070858-26-000157,2026-02-25_0000070858-26-000157.htm,113097.0,60096.0,53001.0,69727.0,43370.0,5675.0,37695.0,30509.0,,3.81,61.652386889130575,3411738.0,3108495.0,,1185700.0,73.0,-90548.0,1984182.0,317816.0,48088.0,,,4601.0,231845.0,,12.5,13.5,7.4,11.4,26.3,,,,0.89,,,5631.0,,,,,,,,,,,44.0
BK,2007,2008-02-28,0001193125-08-041952,2008-02-28_0001193125-08-041952.htm,,,,,,,,,,,,,,,,,,,,,,,,,,,,3.0,,,,,,,,,,,,,,,,,,,,
BK,2008,2009-02-27,0001193125-09-041050,2009-02-27_0001193125-09-041050.htm,,,,,,,,,,,,,,,,,,,,,,,,,,,,3.0,,,,,,,,,,,,,,,,,,,,
BK,2009,2010-02-26,0001193125-10-042948,2010-02-26_0001193125-10-042948.htm,,,,,,,,,,,,,,,,,,,,,,,,,,,,3.0,,,,,,,,,,,,,,,,,,,,
BK,2010,2011-02-28,0001193125-11-049932,2011-02-28_0001193125-11-049932.htm,,,,,,,,,,,,,,,,,,,,,,,,,,8.5,,3.0,,,,,,,,,,,,,,,,,,,,
BK,2011,2012-02-28,0001193125-12-085349,2012-02-28_0001193125-12-085349.htm,,,,,,,,,,,,,,,,,,,,,,,,,,8.5,,3.0,,,,,,,,,,,,,,,,,,,,
BK,2012,2013-02-28,0001193125-13-084562,2013-02-28_0001193125-13-084562.htm,,,,,,,,,,,,,,,,,,,,,,,,,,,,,,,,,,,,,,,,,,,,,,,,
BK,2013,2014-02-28,0001445305-14-000745,2014-02-28_0001445305-14-000745.htm,,,,,,,,,,,,,,,,,,,,,,,,,,,,,,,,,,,,,,,,,,,,,,,,
BK,2014,2015-02-27,0001628280-15-001194,2015-02-27_0001628280-15-001194.htm,,,,,,,,,,,,,,,,,,,,,,,,,,,,,,,,,,,,,,,,,,,,,,,,
BK,2015,2016-02-26,0001390777-16-000204,2016-02-26_0001390777-16-000204.htm,,,,,,,,,,,,,,,,,,,,,,,,,,,,,,,,,,,,,,,,,,,,,,,,
BK,2016,2017-02-28,0001390777-17-000065,2017-02-28_0001390777-17-000065.htm,,,,,,,,,,,,,,,,,,,,,,,,,,,,,,,,,,,,,,,,,,,,,,,,
BK,2017,2018-02-28,0001390777-18-000069,2018-02-28_0001390777-18-000069.htm,,,,,,,,,,,,,,,,,,,,,,,,,,,,,,,,,,,,,,,,,,,,,,,,
BK,2018,2019-02-27,0001390777-19-000050,2019-02-27_0001390777-19-000050.htm,,,,,,,,,,,,,,,,,,,,,,,,,,,,,,,,,,,,,,,,,,,,,,,,
BK,2019,2020-02-27,0001390777-20-000044,2020-02-27_0001390777-20-000044.htm,,,,,,,,,,,,,,,,,,,,,,,,,,,,,,,,,,,,,,,,,,,,,,,,
BK,2020,2021-02-25,0001390777-21-000037,2021-02-25_0001390777-21-000037.htm,,,,,,,,,,,,,,,,,,,,,,,,,,,,,,,,,,,,,,,,,,,,,,,,
BK,2021,2022-02-25,0001390777-22-000043,2022-02-25_0001390777-22-000043.htm,,,,,,,,,,,,,,,,,,,,,,,,,,,,,,,,,,,,,,,,,,,,,,,,
BK,2022,2023-02-27,0001390777-23-000033,2023-02-27_0001390777-23-000033.htm,,,,,,,,,,,,,,,,,,,,,,,,,,,,,,,,,,,,,,,,,,,,,,,,
BK,2023,2024-02-28,0001390777-24-000051,2024-02-28_0001390777-24-000051.htm,,,,,,,,,,,,,,,,,,,,,,,,,,,,,,,,,,,,,,,,,,,,,,,,
BK,2024,2025-02-27,0001390777-25-000046,2025-02-27_0001390777-25-000046.htm,,,,,,,,,,,,,,,,,,,,,,,,,,,,,,,,,,,,,,,,,,,,,,,,
BK,2025,2026-02-25,0001390777-26-000033,2026-02-25_0001390777-26-000033.htm,,,,,,,,,,,,,,,,,,,,,,,,,,,,,,,,,,,,,,,,,,,,,,,,
C,2002,2003-03-03,0001047469-03-007460,2003-03-03_0001047469-03-007460.txt,,,,,,,,,,,,,,,,,,,,,,,,,,,,,,,,,,,,,,,,,,,,,,,,
C,2003,2004-03-01,0001047469-04-006087,2004-03-01_0001047469-04-006087.htm,94713.0,,,,,2935.0,14321.0,17853.0,,,,60000.0,51744.0,96889.0,130500.0,12643.0,,474015.0,162702.0,6647.0,,,,579.0,,4.0,,3.0,,,,,,5.19,,10.1,,,,,,,,,,,,
C,2004,2005-02-28,0001047469-05-004988,2005-02-28_0001047469-05-004988.htm,108276.0,,,,,3396.0,17417.0,17046.0,,,,1484101.0,1374810.0,108166.0,155300.0,11269.0,537560.0,562081.0,207910.0,30968.0,,,,23556.0,,4.0,,3.0,,,,,17.0,4.95,,9.95,,,,,,,,,,,,
C,2005,2006-02-24,0001047469-06-002377,2006-02-24_0001047469-06-002377.htm,120318.0,,,,,2567.0,15864.0,16.0,,,,1494037.0,1381000.0,111412.0,40.4,9782.0,573721.0,592595.0,217499.0,66930.0,,,,10.0,,4.0,,3.0,,,,,22.3,2.04,,10.85,,,,,,,,,,,,
C,2006,2007-02-23,0001193125-07-038505,2007-02-23_0001193125-07-038505.htm,9584.0,,,,,1487.0,16787.0,16.0,,,,1884318.0,1764000.0,,63.0,8940.0,461455.0,279499.0,288494.0,5256.0,,,,10084.0,,4.0,,3.0,,,,,18.8,1.98,,10.26,,,,,,,,,,,,
C,2007,2008-02-22,0001193125-08-036445,2008-02-22_0001193125-08-036445.htm,81698.0,,,,,1390.0,10666.0,19.0,,,,2187631.0,2074000.0,,43.0,16117.0,517742.0,826230.0,427112.0,16727.0,1728.0,,,11364.0,,4.0,,3.0,,,,22.74,2.9,1.07,,2.45,,,,,,,,,,,,
C,2008,2009-02-27,0001193125-09-041237,2009-02-27_0001193125-09-041237.htm,52793.0,,,,,1336.0,95.0,25.0,,,,1938470.0,1796000.0,,56.0,29616.0,83630.0,774185.0,359593.0,13796.0,2348.0,100.0,,1136.0,,9.94,,3.0,,996247.0,,13.02,,0.14,,3.06,,,,,,,,,,,,
C,2009,2010-02-26,0001206774-10-000406,2010-02-26_0001206774-10-000406.htm,80285.0,,,,,8641.0,12882.0,1511.0,,,,1856646.0,1702000.0,,68.0,107.0,117187.0,835903.0,364019.0,227.0,,100.0,,8005.0,,13.16,15.03,3.0,,1088526.0,,5.35,,0.96,,3.03,,,,,,,,,,,,
C,2010,2011-02-25,0001206774-11-000316,2011-02-25_0001206774-11-000316.htm,86601.0,,,,,9622.0,8572.0,10883.0,,,,1913902.0,1748000.0,,68.0,608000.0,217680.0,844968.0,18131.0,336.0,,,,8576.0,,15.17,17.06,3.0,,977629.0,,5.61,,1.54,,3.15,2422.0,1.1126424108783535,,,,,,,,,,
C,2011,2012-02-24,0001206774-12-000799,2012-02-24_0001206774-12-000799.htm,78353.0,,,,,4763.0,6273.0,11215.0,,,,1873878.0,1694000.0,,68.0,617000.0,236505.0,865936.0,16057.0,213.0,,,,9020.0,,14.7,16.2,3.0,,973369.0,49.74,60.7,,1.85,,2.86,1614.0,0.6824380034248747,,,,,,,,,,183.0
C,2012,2013-03-01,0001206774-13-000852,2013-03-01_0001206774-13-000852.htm,30600.0,,,,,6557.0,5177.0,7760.0,,,72.0,1864660.0,1674000.0,,75.0,630000.0,630009.0,930560.0,239463.0,52000.0,,,,36453.0,,14.21,16.41,3.0,,971253.0,51.19,61.57,,0.4,,2.88,223.0,0.035396319735114895,,,,,,,,,,118.0
C,2013,2014-03-03,0001104659-14-015152,2014-03-03_0001104659-14-015152.htm,23018.0,,,,,6567.0,9208.0,13900.0,,,63.0,1880382.0,1674000.0,,573.0,646000.0,7663.0,968273.0,221116.0,59000.0,8491.0,,,1348.0,,13.52,15.6,3.0,,963949.0,55.31,65.23,,0.73,,2.85,201.0,2.622993605637479,,,,,,,,,,119.0
C,2014,2015-02-25,0000831001-15-000043,2015-02-25_0000831001-15-000043.htm,,,,,,6075.0,5.0,7313.0,,,72.0,1842530.0,1631000.0,,572.0,16000.0,629000.0,899332.0,223080.0,58000.0,9221.0,,,32108.0,,13.1,8.0,9.03,10.6,1275012.0,56.83,66.16,,0.39,,2.9,288.0,0.045786963434022256,,,,,,,,,,108.0
C,2015,2016-02-26,0000831001-16-000235,2016-02-26_0000831001-16-000235.htm,,,,,,6545.0,663.0,17242.0,,,57.0,1731210.0,393597.0,,573.0,277323.0,604991.0,907887.0,201275.0,100.0,9293.0,,,20900.0,,14.6,,10.18,12.07,1190853.0,60.61,69.46,,0.95,,100.0,234.0,0.03867826132950738,,,,,,,,,,106.0
C,2016,2017-02-24,0000831001-17-000038,2017-02-24_0000831001-17-000038.htm,,,,,,6771.0,,14912.0,,,59.0,1792077.0,413065.0,,591.0,284089.0,612309.0,929406.0,206178.0,458.0,2483.0,,,23043.0,,14.35,,10.09,12.6,1166764.0,64.57,74.26,,0.82,,102.0,511.0,0.08345459563717013,,,,,,,,,,108.0
C,2017,2018-02-23,0000831001-18-000040,2018-02-23_0000831001-18-000040.htm,,,,,,7503.0,164.0,6798.0,,,58.0,1842465.0,428880.0,,2.21,301729.0,654679.0,959822.0,236709.0,576.0,2814.0,,,23775.0,,13.03,,8.82,12.4,1134864.0,60.16,70.62,,0.36,4.6,103.0,379.0,0.057890966412547214,,,,,,,,,,110.0
C,2018,2019-02-22,0000831001-19-000027,2019-02-22_0000831001-19-000027.htm,,,,,,7354.0,123.0,18080.0,,,57.4,1917383.0,432139.0,,2.26,305631.0,671881.0,1013170.0,231999.0,491.0,615.0,,,23645.0,,12.3,,8.34,11.5,1131933.0,63.79,75.05,,0.94,11.0,95.0,169.0,0.025153263747598163,,,,,,,,,,102.0
C,2019,2020-02-21,0000831001-20-000031,2020-02-21_0000831001-20-000031.htm,,,,,,8218.0,,19467.0,,,56.5,1951158.0,406899.0,,2.6,290270.0,686700.0,1070590.0,248760.0,417.0,818.0,,,23967.0,,10.0,,4.0,11.5,1135553.0,70.39,82.9,,0.98,12.1,93.0,392.0,0.05708460754332313,,,,,,,,,,100.0
C,2020,2021-02-26,0000831001-21-000042,2021-02-26_0000831001-21-000042.htm,,,,,,1.0,,11087.0,,,58.1,2260090.0,433573.0,,264.0,12783.0,650927.0,1280671.0,271686.0,25507.0,555.0,,,26349.0,,10.0,13.5,4.0,11.7,1255284.0,73.67,86.43,,0.5,6.6,103.0,986.0,0.15147627921410542,,,,,,,,,,111.0
C,2021,2022-02-28,0000831001-22-000036,2022-02-28_0000831001-22-000036.htm,,42494.0,,,,-777.0,306.0,22025.0,,,67.0,2291413.0,1761533.0,,393681.0,14209.0,651312.0,1317230.0,254374.0,27309.0,945.0,,,27515.0,,10.0,13.5,4.0,12.2,1209374.0,79.16,92.21,,0.94,13.4,104.0,,,,,,,,,,,,111.0
C,2022,2023-02-27,0000831001-23-000037,2023-02-27_0000831001-23-000037.htm,,48668.0,,,,5.0,,14845.0,,,68.1,2416676.0,1729908.0,,279337.0,13426.0,640247.0,1365954.0,271606.0,34785.0,576.0,,,30577.0,,11.5,10.0,4.0,10.0,1221538.0,81.65,94.06,,0.62,8.9,98.0,,,,,,,,,,,,107.0
C,2023,2024-02-23,0000831001-24-000033,2024-02-23_0000831001-24-000033.htm,,54900.0,,,,1.0,,9228.0,,,71.8,2411834.0,2234346.0,,84321.0,13703.0,671217.0,1308681.0,286619.0,124.0,648.0,,,27000.0,,12.0,10.5,4.0,10.5,1268723.0,86.19,98.71,,0.38,4.9,104.0,,,,,,,,,,,,115.0
C,2024,2025-02-21,0000831001-25-000067,2025-02-21_0000831001-25-000067.htm,,54095.0,,,,17.0,,12682.0,,,66.5,2352945.0,2260351.0,,87596.0,13560.0,675914.0,1284458.0,287300.0,117.0,26441.0,,,30000.0,,12.0,10.5,4.0,12.14,1280190.0,89.34,101.62,,0.51,7.0,2.4,,,,,,,,,,,,126.0
C,2025,2026-02-20,0000831001-26-000011,2026-02-20_0000831001-26-000011.htm,,59792.0,,,,-17.0,119.0,14306.0,,,64.7,2657202.0,2443380.0,,732983.0,14311.0,732983.0,1403573.0,315827.0,51878.0,25243.0,,,23717.0,,13.1,,4.0,11.6,1192174.0,97.06,110.01,,0.54,7.7,2.47,,,,,,,,,,,,121.0
COF,1997,1998-03-18,0000928385-98-000498,1998-03-18_0000928385-98-000498.htm,,,,,,,,,,,,,,,,,,,,,,,,,,,,,,,,,,,,,,,,,,,,,,,,
COF,1998,1999-03-26,0000928385-99-000952,1999-03-26_0000928385-99-000952.htm,,,,,,,,,,,,,,,,,,,,,,,,,,,,,,,,,,,,,,,,,,,,,,,,
COF,1999,2000-03-21,0000928385-00-000798,2000-03-21_0000928385-00-000798.htm,,,,,,,,,,,,,,,,,,,,,,,,,,,,,,,,,,,,,,,,,,,,,,,,
COF,2000,2001-03-29,0000928385-01-500145,2001-03-29_0000928385-01-500145.txt,,,,,,,,,,,,,,,,,,,,,,,,,,,,,,,,,,,,,,,,,,,,,,,,
COF,2001,2002-03-22,0000928385-02-000920,2002-03-22_0000928385-02-000920.htm,,,,,,,,,,,,,,,,,,,,,,,,,,,,,,,,,,,,,,3.92,,,,,,,,,,
COF,2002,2003-03-17,0000950133-03-000793,2003-03-17_0000950133-03-000793.htm,,,,,,,,,,,,,,,,,,,,,,,,,,,,,,,,,,,,,,4.96,,,,,,,,,,
COF,2003,2004-03-05,0001193125-04-035097,2004-03-05_0001193125-04-035097.htm,8201.013,2785.089,,,,1517.497,1826.7930000000001,1135.842,5.05,4.85,,41195.413,,,32850.269,1627.02,,,,1152947.0,,,,387167.0,,,,3.0,,,,,21.34,2.76,,7.45,1646.3600000000001,5.74,,,,,,,,,,
COF,2004,2005-03-09,0001193125-05-045269,2005-03-09_0001193125-05-045269.htm,8903.135,3003.0,,,,1220.9,2360.1,1543.5,6.55,6.21,,53747.3,43352.505,,38215.6,1505.0,,24313.289,,201622.0,,,,506.483,,,,,,,,,21.16,3.05,,6.44,1295.568,3.78,,,,,,,,,,
COF,2005,2006-03-02,0001193125-06-044064,2006-03-02_0001193125-06-044064.htm,10038.347,3680.3,,,,1491.1,2829.0,1809.1,6.98,6.73,,88701.4,50766.232,,59847.7,1790.0,,,,1271221.0,,,,1000.24,,,,,,,,,17.08,2.95,,6.63,1446.6490000000001,3.55,114042.0,,,1.569597165956402,,,,,,
COF,2006,2007-03-01,0001193125-07-044343,2007-03-01_0001193125-07-044343.htm,12097.0,5099.6,,,,1476.4,3652.7,2414.5,7.8,7.62,,149739.3,79606.337,,8.69,2180.0,,85770.9,,1716067.0,,,,1685.152,,,,,,,,,14.9,2.52,,6.03,1407.0,2.21,98.976,,,2202.5541545425153,,,,,,
COF,2007,2008-02-29,0001193125-08-043757,2008-02-29_0001193125-08-043757.htm,14584.0,6529.8,,,,2636.5,3869.5,1570.3,,,54.44,150499.1,123780.056,,178.385,2963.0,,82990.5,,4345490.0,,,,2112.587,,,,,,,,,10.28,1.79,,5.38,1961.0,2.1,936.403,,,316.42359112476146,,,,,,
COF,2008,2009-02-26,0001193125-09-039271,2009-02-26_0001193125-09-039271.htm,13893.0,7148.7,,,,5101.0,581.6,46.0,,,52.29,165878.4,131013.698,,565.791,4524.0,,108620.8,,402.0,,,,2127961.0,,,,3.0,,,,,0.33,0.05,,5.37,3478.0,3.51,958.948,,,471.7669779800365,,,,,,
COF,2009,2010-02-26,0001193125-10-043152,2010-02-26_0001193125-10-043152.htm,12983.267,7697.1,,,,4230.111,1336.1,883.8,,,56.21,169622.5,143056.953,,451.697,4127.4,,115809.1,,1057.0,,,,3475932.0,,,,3.0,,,,,3.71,0.58,,5.3,4567.634,4.58,1546.958,,,266.8075022075583,,,,,,
COF,2010,2011-03-01,0001140361-11-012916,2011-03-01_0001140361-11-012916.htm,16171.0,12457.0,,,,,510.0,2743.0,452.0,456.0,49.06,197503.0,175173.0,,125947.0,5628.0,,122210.0,2827.0,7.0,,9963.0,,5249.0,,11.63,,,,127043.0,,58.62,12.23,1.52,,7.09,6651.0,5.18,326.0,,,1726.3803680981596,,,,,,
COF,2011,2012-02-29,0001193125-12-086138,2012-02-29_0001193125-12-086138.htm,16279.0,12741.0,,,,,1129.0,3147.0,,,57.33,199718.0,171139.0,,135892.0,4250.0,,126694.0,2438.0,7299.0,,8762.0,,1926.0,,12.0,,,,155657.0,,64.51,,1.63,,7.27,3771.0,2.94,189.0,,,2248.677248677249,,,,,,
COF,2012,2013-02-28,0001193125-13-084249,2013-02-28_0001193125-13-084249.htm,21396.0,16589.0,,,,4415.0,3.0,3517.0,,,55.83,286602.0,249275.0,,205889.0,5156.0,,203055.0,16.0,21148.0,,,,4573.0,,11.3,,,,223472.0,,69.56,,1.3,,6.5,3555.0,1.89,226.0,,,2281.4159292035397,,,,,,
COF,2013,2014-02-27,0001193125-14-073467,2014-02-27_0001193125-14-073467.htm,22384.0,18106.0,,,,3453.0,5631.0,4159.0,,,55.91,297284.0,255709.0,,197199.0,4315.0,,209045.0,6286.0,13662.0,,34.0,29.0,2461.0,,12.61,,,,224671.0,,72.89,10.61,1.48,17.44,6.8,3934.0,2.04,273.0,,,1580.5860805860807,,,,,,
COF,2014,2015-02-24,0000927628-15-000026,2015-02-24_0000927628-15-000026.htm,22290.0,17818.0,,,,3541.0,3327.0,4428.0,,,54.64,298300.0,254032.0,44268.0,111.0,4383.0,,205675.0,4151.0,10466.0,,,,2994.0,,12.46,15.14,10.77,4.5,236944.0,,81.41,10.08,1.48,15.79,6.67,3414.0,3.46,322.0,,,1361.1801242236024,,,,,,
COF,2015,2016-02-25,0000927628-16-000140,2016-02-25_0000927628-16-000140.htm,23413.0,18834.0,,,,4536.0,217.0,4050.0,,,55.51,313474.0,265761.0,47713.0,88.0,5130.0,,210989.0,19.0,981.0,,,,2970.0,,11.1,14.6,10.6,4.0,265739.0,53.65,89.67,8.51,1.28,12.87,6.66,3695.0,3.36,324.0,,,1583.3333333333335,,,,,,
COF,2016,2017-02-23,0000927628-17-000115,2017-02-23_0000927628-17-000115.htm,25501.0,20873.0,,,,6459.0,3737.0,3751.0,,,53.17,339974.0,291221.0,48753.0,64.0,6503.0,,223714.0,1914.0,11.0,,,,3235.0,,9.9,,5.0,4.0,285756.0,57.76,98.95,7.82,1.11,11.93,6.78,5062.0,4.09,280.0,,,2322.5,,,,,,
COF,2017,2018-02-21,0000927628-18-000107,2018-02-21_0000927628-18-000107.htm,27237.0,22460.0,,,,7551.0,82.0,1982.0,,,52.11,354924.0,305394.0,,58.0,7502.0,,239882.0,1914.0,576.0,,,,3457.0,,10.2,,5.0,4.0,292225.0,60.28,100.37,4.07,0.6,6.16,6.97,6562.0,4.88,153.0,,,4903.267973856209,,,,,,
COF,2018,2019-02-20,0000927628-19-000093,2019-02-20_0000927628-19-000093.htm,28076.0,22875.0,,,,5856.0,2333.0,6015.0,,,53.08,363036.0,312844.0,,2735.0,7220.0,,247117.0,370.0,9402.0,,,,3877.0,,4.0,,5.0,4.0,294950.0,69.2,110.47,12.48,1.66,18.56,6.87,6112.0,4.62,59.0,,,12237.28813559322,,,,,,
COF,2019,2020-02-20,0000927628-20-000102,2020-02-20_0000927628-20-000102.htm,28593.0,23340.0,,,,6236.0,2839.0,5546.0,,,54.15,374924.0,319234.0,,4186.0,7208.0,,255065.0,103.0,7314.0,,,,4300.0,,8.0,,3.0,6.5,313155.0,83.72,127.05,10.16,1.48,14.37,6.83,6252.0,2.53,1046.0,,,689.1013384321224,,,,,,
COF,2020,2021-02-25,0000927628-21-000094,2021-02-25_0000927628-21-000094.htm,17599.0,22913.0,,,,6979.0,2519.0,2566.0,,,,421602.0,352986.0,,2727.0,15564.0,,305442.0,75.0,668.0,,,,4839.0,,6.0,,4.0,6.5,297903.0,,,,,,6.06,-4818.0,2.06,1040.0,,,1496.5384615384614,,,,,,
COF,2021,2022-02-25,0000927628-22-000106,2022-02-25_0000927628-22-000106.htm,18880.0,24171.0,,,,6979.0,13668.0,12390.0,,,,424521.0,361965.0,,4298.0,-13354.0,,310980.0,53.0,820.0,,,,5281.0,,6.0,,4.0,6.5,332673.0,,,,,,6.21,-4002.0,0.88,1141.0,,,-1170.3768624014024,,,,,,
COF,2022,2023-02-24,0000927628-23-000117,2023-02-24_0000927628-23-000117.htm,34250.0,27114.0,,,,4020.0,3929.0,7360.0,,,44.22,440538.0,385413.0,,6265.0,-11620.0,,332992.0,33.0,883.0,,,,5054.0,,6.0,,4.0,6.5,357920.0,,,,,,6.67,-1820.0,1.36,1405.0,,,-827.0462633451958,,,,,,
COF,2023,2024-02-23,0000927628-24-000094,2024-02-23_0000927628-24-000094.htm,25669.0,29241.0,,,,4020.0,2877.0,4582.0,,,44.33,467807.0,412612.0,,34866.0,-14290.0,,348413.0,49318.0,538.0,,,,3869.0,,6.0,,4.0,6.5,369206.0,99.78,99.78,,,13.04,6.63,-2833.0,2.7,1590.0,,,-898.74213836478,,,,,,
COF,2024,2025-02-20,0000927628-25-000092,2025-02-20_0000927628-25-000092.htm,39112.0,31208.0,,,,8268.0,963.0,4750.0,,,43.27,480451.0,420652.0,,36036.0,-15968.0,,362707.0,44989.0,562.0,,,,3793.0,,6.0,,4.0,6.5,377145.0,106.97,,,,11.18,6.88,-6164.0,3.39,2060.0,,,-775.1456310679612,,,,,,
COF,2025,2026-02-19,0000927628-26-000024,2026-02-19_0000927628-26-000024.htm,39560.0,42878.0,,,,9867.0,6692.0,2453.0,,,,597536.0,502994.0,,60740.0,-20800.0,,475771.0,1059.0,1087.0,,,,4588.0,,6.0,,4.0,6.5,511794.0,107.72,,,,3.16,7.84,-8634.0,3.3,1934.0,,,-1075.4912099276112,,,,,,
GS,1999,2000-02-14,0000950123-00-001143,2000-02-14_0000950123-00-001143.html,25363.0,,,,,,,,,5.27,,,,,,,,,20952.0,32286.0,,,,1.0,,,,,,,,20.94,,,,,,,,,,,,,,,,
GS,2002,2003-02-27,0000950123-03-002099,2003-02-27_0000950123-03-002099.htm,,,,,,,,,,,,,,,,,,,35001.0,,,,,1.0,,,,,,,,,,,,,,,,,,,,,,,,
GS,2003,2004-02-24,0000950123-04-002239,2004-02-24_0000950123-04-002239.htm,,,,,,,,,,,,,,,,,,,37870.0,,,,,1.0,,,,,,,,,,,,,,,,,,,,,,,,
GS,2004,2005-02-08,0000950123-05-001271,2005-02-08_0000950123-05-001271.htm,3374.0,,,,,,,,,8.92,,531379.0,506300.0,,8900.0,,,,17617.0,70.0,,,,4365.0,,,,,,,40.91,50.77,,,,,,,,,,,,,,,,
GS,2005,2006-02-07,0000950123-06-001208,2006-02-07_0000950123-06-001208.htm,3671.0,,,,,,,,,11.21,,706804.0,678802.0,,13843.0,,,,16751.0,77.0,,,,10261.0,,,,,,,45.72,57.02,,,,,,,,,,,,,,,,
GS,2006,2007-02-06,0000950123-07-001332,2007-02-06_0000950123-07-001332.htm,5629.0,,,,,,,,,19.69,,838201.0,802415.0,,,,,,138.0,138.0,,10.0,,6293.0,,,,,,,61.47,72.62,,,,,,,,,,,,,,,,
GS,2007,2008-01-29,0000950123-08-000857,2008-01-29_0000950123-08-000857.htm,7555.0,,,,,,,,,24.73,,1119796.0,1076996.0,,49154.0,,,,141.0,140.0,,12.0,,11882.0,,,,,,,78.88,90.43,,,,,,,,,,,,,,69151.0,6.175321219222073,
GS,2008,2009-01-27,0000950123-09-001278,2009-01-27_0000950123-09-001278.htm,5185.0,4276.0,,,,,,0.2,,4.47,,884547.0,820178.0,,21839.0,,,26455.0,170.0,169.0,13150.0,55.0,,15740.0,,6.0,18.9,3.0,,400376.0,88.0,98.68,,,,,,,,,,,,,,66190.0,7.4829262888235455,
GS,2009,2010-03-01,0000950123-10-018464,2010-03-01_0000950123-10-018464.htm,4797.0,7407.0,,,,,,,,,,848942.0,778228.0,,19345.0,,,41076.0,175.0,174.0,1610.0,97.0,,38291.0,,15.0,18.2,7.6,,431890.0,108.42,117.48,,,,,,,,,,,,,,46475.0,5.474461152823161,
GS,2010,2011-03-01,0000950123-11-020067,2011-03-01_0000950123-11-020067.htm,4810.0,5503.0,,,,,,,,,,911332.0,833976.0,,18039.0,,,38011.0,157.0,156.0,,26.0,,39788.0,,16.0,19.1,8.0,,444290.0,118.63,128.72,13.1,,,,,,,,,,,,,45377.0,4.979195287776573,
GS,2011,2012-02-28,0001193125-12-085822,2012-02-28_0001193125-12-085822.htm,4355.0,5192.0,,,,,,,,4.51,,923225.0,852846.0,,19745.0,,,40266.0,173545.0,3780.0,,30.0,,56008.0,,13.8,16.9,7.0,,457027.0,119.72,130.31,5.9,,,,,,,,,,,,,,,
GS,2012,2013-03-01,0001193125-13-085474,2013-03-01_0001193125-13-085474.htm,4926.0,3880.0,,,,,,,,14.13,,938555.0,862839.0,,22407.0,,,56399.0,167305.0,178.0,,244.0,,72669.0,,16.7,20.1,7.3,,399928.0,134.06,144.67,5.9,,,,,,,,,,,,,,,
GS,2013,2014-02-28,0001193125-14-073792,2014-02-28_0001193125-14-073792.htm,6004.0,3392.0,,,,,,,,15.46,,911507.0,833040.0,,17400.0,,,69707.0,160965.0,190.0,,327.0,,61133.0,,16.7,19.9,8.1,9.8,433226.0,143.11,152.48,5.9,,,,,,,,,,,,,,,13425.0
GS,2014,2015-02-23,0001193125-15-056785,2015-02-23_0001193125-15-056785.htm,34528.0,4047.0,,,,92.0,,,,17.07,,856240.0,773443.0,,2165.0,228.0,,73286.0,167571.0,180.0,,327.0,,57600.0,,5.5,8.0,4.0,4.0,134935.0,153.79,163.01,11.2,,,,,,,,,,,,,,,10238.0
GS,2015,2016-02-22,0001193125-16-470289,2016-02-22_0001193125-16-470289.htm,33820.0,3064.0,,,,187.0,,,,12.14,,861395.0,774667.0,,1655.0,414.0,,,175422.0,171.0,,,,75105.0,,6.0,8.0,4.0,4.5,,161.64,171.03,7.4,,,,,,,,,,,,,,,12000.0
GS,2016,2017-02-27,0001193125-17-056804,2017-02-27_0001193125-17-056804.htm,30608.0,2587.0,,,,138.0,,,,16.29,,860165.0,773272.0,,1507.0,509.0,,,165.0,164.0,,,,107066.0,,7.375,9.375,4.0,5.875,,172.6,182.47,9.4,,,,,,,,,,,,,1645.0,0.191242377915865,9750.0
GS,2017,2018-02-26,0001193125-18-056383,2018-02-26_0001193125-18-056383.htm,32073.0,2932.0,,,,,,,,9.01,,,834533.0,,2003.0,803.0,,,159.0,159.0,,9.0,,110051.0,,8.5,,8.4,7.0,,170.61,181.0,,,,,,,,,,,,,,1126.0,,7532.0
GS,2018,2019-02-26,0001193125-19-050198,2019-02-26_0001193125-19-050198.htm,36616.0,3767.0,,,,674.0,,,,25.27,,,841611.0,,3795.0,1066.0,,,156.0,155.0,,103.0,,130547.0,,16.1,18.8,4.0,12.0,,196.64,207.36,13.3,,,,337.0,,,,,,,,,1019.0,,7782.0
GS,2019,2020-02-21,0001193125-20-043853,2020-02-21_0001193125-20-043853.htm,36546.0,4362.0,,,,333.0,,,,21.03,,,902703.0,,138.0,1441.0,,,207076.0,48287.0,20737.0,158.0,5825.0,25301.0,,10.8,8.8,4.0,8.8,,205.15,218.52,17.9,,,,490.0,,,,,,,,,191.0,,77.0
GS,2020,2021-02-22,0001193125-21-049380,2021-02-22_0001193125-21-049380.htm,44560.0,4751.0,,,,3098.0,,,,,,,1067096.0,,149.0,3874.0,,,213481.0,52870.0,29493.0,417.0,5301.0,34730.0,,10.0,8.1,8.1,13.6,,222.32,236.15,10.5,,,,615.0,0.6,,,,,,,,203.0,,195.0
GS,2021,2022-02-25,0001193125-22-052682,2022-02-25_0001193125-22-052682.htm,59339.0,6470.0,,,,357.0,,,,,60.0,1463988.0,1354062.0,,155.0,3573.0,,,254092.0,46955.0,20338.0,955.0,4699.0,64437.0,,9.9,8.1,7.3,14.2,,270.91,284.39,64.8,,,,130.0,0.1,,,,,,,,137.0,0.009358000202187449,105.0
GS,2022,2023-02-24,0000886982-23-000003,2023-02-24_0000886982-23-000003.htm,47365.0,7678.0,,,,2715.0,,,,,65.8,1441799.0,1324610.0,,161.0,-1168.0,,,247138.0,60961.0,272788.0,-2126.0,51662.0,167203.0,,10.7,8.7,7.3,15.1,,279.66,303.55,16.4,,,,,0.2,,,,,,,,154.0,0.010681100486267503,158.0
GS,2023,2024-02-23,0000886982-24-000006,2024-02-23_0000886982-24-000006.htm,46254.0,6351.0,,,,1028.0,,,,,74.6,1641594.0,1524689.0,,168.0,-1441.0,,,241877.0,75945.0,435275.0,1245.0,70310.0,168857.0,,12.4,10.1,7.0,14.4,,292.52,313.56,12.1,,,,,0.3,,,,,,,,144.0,0.008771961885825606,142.0
GS,2024,2025-02-27,0000886982-25-000005,2025-02-27_0000886982-25-000005.htm,53512.0,8056.0,,,,1348.0,,,,,63.1,1675972.0,1553976.0,,172.0,-1187.0,,,242634.0,69709.0,508379.0,401.0,78713.0,129687.0,,14.7,11.9,4.0,15.0,,316.02,336.77,14.5,,,,,7.6,,,,,,,,95.0,0.005668352454575613,116.0
GS,2025,2026-02-25,0000886982-26-000091,2026-02-25_0000886982-26-000091.htm,58283.0,13559.0,,,,-1113.0,,,,,64.4,1809320.0,1684348.0,,179.0,-1436.0,,,285500.0,70459.0,610513.0,1075.0,69193.0,131809.0,,14.8,12.0,4.0,14.3,,335.49,357.6,16.4,,,,,6.1,,,,,,,,155.0,0.008566754360754316,14716.0
JPM,1999,2000-03-13,0000950123-00-002204,2000-03-13_0000950123-00-002204.htm,,,,,,,,,,,,,,,,,,,,,,,,,,,,,,,,,,,,,,,,,,,,,,,,
JPM,2002,2003-03-19,0000950123-03-002985,2003-03-19_0000950123-03-002985.htm,29614.0,11526.0,18088.0,22764.0,6850.0,4331.0,2519.0,1663.0,0.81,0.8,64.0,758800.0,716494.0,,23.0,211014.0,,287416.0,7053.0,,2.0,5094.0,85.0,19218.0,,8.2,12.0,5.1,,,,,3.9,0.23,,,1881.0,0.25,4780.0,,,4414.518828451883,,,,,,71.6
JPM,2003,2004-02-18,0000950123-04-002022,2004-02-18_0000950123-04-002022.htm,33256.0,12337.0,20919.0,21688.0,11568.0,1540.0,10028.0,6719.0,3.32,3.24,59.0,770912.0,724758.0,,18514.0,214995.0,,326492.0,6633.0,,252871.0,60422.0,176.0,20268.0,,8.5,11.8,5.6,,,,,16.0,0.95,,,816.0,0.18,3086.0,,,6966.785482825664,,,,,,68.6
JPM,2004,2005-03-02,0000950123-05-002539,2005-03-02_0000950123-05-002539.htm,43097.0,16761.0,26336.0,34359.0,8738.0,2544.0,6194.0,4466.0,1.59,1.55,80.0,1157248.0,1051595.0,,402114.0,1547.0,,182765.0,7.0,9811.0,48703.0,94821.0,110.0,35168.0,,8.7,12.2,6.2,,791373.0,,29.61,6.0,0.46,,,47.0,0.67,242.0,,,639.2561983471074,,,,,,85.0
JPM,2005,2006-03-09,0000950123-06-002875,2006-03-09_0000950123-06-002875.htm,54533.0,19831.0,34702.0,35549.0,18984.0,3483.0,12215.0,8483.0,2.43,2.38,71.0,1198942.0,1091731.0,,419148.0,7490.0,,191415.0,108357.0,9811.0,3845.0,47993.0,77.0,36670.0,,8.5,12.0,6.3,,850643.0,,30.71,8.0,0.72,,,3819.0,0.98,51.0,,,14686.274509803923,,,,,,86.0
JPM,2006,2007-03-01,0000950123-07-003015,2007-03-01_0000950123-07-003015.htm,61437.0,21242.0,40195.0,38281.0,23156.0,3270.0,5903.0,14444.0,,3.82,62.0,1351520.0,1235730.0,,483127.0,1052.0,70837.0,638788.0,133421.0,9811.0,61664.0,91919.0,58.0,40412.0,,8.7,12.3,6.2,,935909.0,,33.45,12.0,1.04,,,338.0,3.33,38.0,,0.05364428194305236,2768.421052631579,,,,,,84.0
JPM,2007,2008-02-29,0001193125-08-043536,2008-02-29_0001193125-08-043536.htm,71372.0,26406.0,44966.0,41703.0,29669.0,6864.0,4563.0,15365.0,,4.38,58.0,1562147.0,1438926.0,,519374.0,1329.0,83437.0,657220.0,183862.0,,121240.0,71941.0,44.0,40144.0,,8.4,12.6,6.0,,1051879.0,,36.59,13.0,1.06,,,1327.0,3.68,100.0,,0.11985090547359084,1329.0,,,,,,107.0
JPM,2008,2009-03-02,0000950123-09-003840,2009-03-02_0000950123-09-003840.htm,67252.0,38779.0,28473.0,43500.0,23752.0,19445.0,1538.0,5605.0,,0.84,65.0,2175052.0,2008168.0,,744898.0,3444.0,59123.0,785807.0,252094.0,,509983.0,118823.0,34.0,26895.0,,10.9,14.8,6.9,,1244659.0,,36.15,2.0,0.21,,,4877.0,2.07,1326.0,,2.242781996854016,259.72850678733033,,,,,,196.0
JPM,2009,2010-02-24,0000950123-10-016029,2010-02-24_0000950123-10-016029.htm,100434.0,51152.0,49282.0,52352.0,48082.0,32015.0,16067.0,11728.0,,2.24,52.0,2031989.0,1866624.0,,633458.0,3756.0,51251.0,882005.0,266318.0,,411128.0,360400.0,25.0,26206.0,,11.1,14.8,6.9,,1198006.0,,39.88,21.0,0.58,7.0,,1904.0,4.73,4236.0,,8.265204581374022,88.6685552407932,,,,,,227.0
JPM,2010,2011-02-28,0000950123-11-019773,2011-02-28_0000950123-11-019773.htm,102694.0,51001.0,51693.0,61196.0,41498.0,16639.0,24859.0,17370.0,,3.96,60.0,2117605.0,1941499.0,,692927.0,1863.0,3645.0,930369.0,247669.0,,489892.0,120401.0,18.0,27567.0,,12.1,15.5,7.0,,1174978.0,,43.04,17.0,0.85,7.0,,735.0,4.23,3770.0,,103.42935528120714,49.41644562334218,,,,,,71.0
JPM,2011,2012-02-29,0000019617-12-000163,2012-02-29_0000019617-12-000163.htm,97234.0,47689.0,49545.0,62911.0,34323.0,7574.0,26749.0,18976.0,,4.48,65.0,2265792.0,2082219.0,,723720.0,28282.0,58365.0,1127806.0,256775.0,,443963.0,124347.0,12.0,59602.0,,12.3,15.4,6.8,,1221198.0,,46.59,11.0,0.86,11.0,,12237.0,1.78,11036.0,,18.908592478368885,256.2703878216745,,,,5200.0,0.22950032483122898,58.0
JPM,2012,2013-02-28,0000019617-13-000221,2013-02-28_0000019617-13-000221.htm,97031.0,44910.0,52121.0,64729.0,32302.0,3385.0,28917.0,21284.0,5.22,5.2,67.0,2359141.0,2155072.0,,733796.0,22604.0,30491.0,1193593.0,249024.0,,450028.0,52893.0,7.0,53723.0,,12.6,15.3,7.1,,1270378.0,38.75,51.27,11.0,0.98,15.0,,9063.0,1.26,11734.0,,38.483486930569676,192.63678200102268,,,,4400.0,0.18650856392220727,45.0
JPM,2013,2014-02-20,0000019617-14-000289,2014-02-20_0000019617-14-000289.htm,96606.0,43319.0,53287.0,70467.0,26139.0,225.0,25914.0,17923.0,4.39,4.35,73.0,2415689.0,2204511.0,,738418.0,16969.0,23721.0,1287765.0,267889.0,,374664.0,49881.0,24026.0,39771.0,,11.9,,7.1,,1590873.0,40.81,53.25,9.0,0.87,14.0,,5802.0,0.81,9706.0,,40.91733063530205,174.83000206058108,,,,3100.0,0.12832777729252398,34.0
JPM,2014,2015-02-24,0000019617-15-000272,2015-02-24_0000019617-15-000272.htm,94205.0,43634.0,50571.0,61274.0,32931.0,3139.0,29792.0,21762.0,5.34,5.29,65.0,2573126.0,2341061.0,,757336.0,14807.0,51749.0,1363427.0,276836.0,,398988.0,40195.0,49252.0,27831.0,,11.6,,7.6,10.2,,44.69,57.07,10.0,0.89,13.0,,4759.0,0.65,7967.0,,15.39546657906433,185.85414836199323,,,,2100.0,0.08161279315509617,30.0
JPM,2015,2016-02-23,0000019617-16-000902,2016-02-23_0000019617-16-000902.htm,93543.0,43510.0,50033.0,59014.0,34529.0,3827.0,30702.0,24442.0,6.05,6.0,63.0,2351698.0,2104125.0,,837299.0,14341.0,108962.0,1279715.0,288651.0,,343839.0,36284.0,49073.0,20490.0,,13.5,12.0,8.5,11.8,1465262.0,48.13,60.46,11.0,0.99,13.0,,4086.0,0.52,7034.0,,6.455461537049613,203.88114870628377,,,,1400.0,0.059531453443426835,35.0
JPM,2016,2017-02-28,0000019617-17-000314,2017-02-28_0000019617-17-000314.htm,95668.0,46083.0,49585.0,55771.0,39897.0,5361.0,34536.0,24733.0,6.24,6.19,58.0,2490972.0,2236782.0,,894765.0,14854.0,80996.0,1375179.0,295245.0,,372130.0,67791.0,12994.0,23873.0,,14.1,12.5,8.4,12.4,1464981.0,51.44,64.06,10.0,1.0,13.0,,4692.0,0.54,7535.0,,9.302928539680972,197.13337757133377,,,,1000.0,0.0401449715211572,36.0
JPM,2017,2018-02-27,0000019617-18-000057,2018-02-27_0000019617-18-000057.htm,99624.0,50097.0,49527.0,58434.0,41190.0,5290.0,35900.0,24441.0,6.35,6.31,59.0,2533600.0,2277907.0,,930697.0,14672.0,61650.0,1443982.0,284080.0,51802.0,381844.0,41432.0,8360.0,25827.0,,13.9,12.2,8.3,12.2,1499506.0,53.56,67.04,10.0,0.96,12.0,,14.0,0.01,6426.0,,10.423357664233576,228.32244008714596,,,,800.0,0.031575623618566466,30.0
JPM,2018,2019-02-26,0000019617-19-000054,2019-02-26_0000019617-19-000054.htm,109029.0,55059.0,53970.0,63394.0,45635.0,4871.0,40764.0,32474.0,9.04,9.0,58.0,2622532.0,2366017.0,,984554.0,14500.0,81586.0,1470666.0,282031.0,69276.0,413714.0,71372.0,31434.0,22324.0,,13.7,12.0,8.1,12.0,1528916.0,56.33,70.35,13.0,1.24,17.0,,4856.0,0.52,5190.0,,6.361385531831441,279.38342967244705,,,,700.0,0.026691762007098482,26.0
JPM,2019,2020-02-25,0000019617-20-000257,2020-02-25_0000019617-20-000257.htm,115627.0,57245.0,58382.0,65497.0,50130.0,5585.0,44545.0,36431.0,10.75,10.72,57.0,2687379.0,2426049.0,,959769.0,14314.0,53697.0,1562431.0,291498.0,40920.0,411103.0,152402.0,47540.0,21704.0,,14.1,12.4,7.9,16.5,1515869.0,60.98,75.98,15.0,1.33,19.0,,5629.0,0.6,4497.0,,8.374769540197777,318.3010896152991,,,,600.0,0.022326586610969274,33.0
JPM,2020,2021-02-23,0000019617-21-000236,2021-02-23_0000019617-21-000236.htm,119543.0,54563.0,64980.0,66656.0,52887.0,17480.0,35407.0,29131.0,8.89,8.88,56.0,3386071.0,3106717.0,,2.95,589999.0,,2144257.0,281685.0,45208.0,503100.0,388178.0,94569.0,24874.0,,15.0,13.1,7.0,17.9,1560609.0,66.11,81.75,12.0,0.91,14.0,,5259.0,0.55,2811.0,,,20988.936321593737,,,,500.0,0.014766376723937566,-67.0
JPM,2021,2022-02-22,0000019617-22-000272,2022-02-22_0000019617-22-000272.htm,121649.0,52311.0,69338.0,71343.0,50306.0,-9256.0,59562.0,48334.0,15.39,15.36,59.0,3743567.0,3449440.0,,1077714.0,672232.0,-91797.0,2347154.0,301005.0,53594.0,433575.0,308525.0,285086.0,26438.0,,15.0,13.1,6.5,18.5,1638900.0,71.53,88.07,19.0,1.3,23.0,,2865.0,0.3,8346.0,,,8054.541097531753,,,,500.0,0.01335624552732728,-49.0
JPM,2022,2023-02-21,0000019617-23-000231,2023-02-21_0000019617-23-000231.htm,128695.0,66710.0,61985.0,76140.0,52555.0,6389.0,46166.0,37676.0,12.1,12.09,59.0,3665743.0,3373411.0,,1135647.0,631162.0,-128968.0,2467915.0,295865.0,44027.0,453799.0,205857.0,425305.0,27697.0,,14.9,13.2,6.6,13.2,1653538.0,73.12,90.29,14.0,0.98,18.0,,2853.0,0.27,7247.0,,,8709.286601352283,,,,0.7,1.9095719476242604e-05,-43.0
JPM,2023,2024-02-16,0000019617-24-000225,2024-02-16_0000019617-24-000225.htm,158104.0,89267.0,68837.0,87172.0,70932.0,9320.0,61612.0,49552.0,16.25,16.23,55.0,3875393.0,3547515.0,,1323706.0,571552.0,-88343.0,2359067.0,391825.0,44712.0,540607.0,201704.0,369848.0,29066.0,,16.6,15.0,7.2,15.0,1671995.0,86.08,104.45,17.0,1.3,21.0,,6209.0,0.52,7597.0,,,7523.3908121626955,,,,1.0,2.580383460464526e-05,-42.0
JPM,2024,2025-02-14,0000019617-25-000270,2025-02-14_0000019617-25-000270.htm,177556.0,92583.0,84973.0,91797.0,85759.0,10678.0,75081.0,58471.0,19.79,19.75,52.0,4002814.0,3658056.0,,1347988.0,681320.0,-83176.0,2386642.0,401418.0,52893.0,637784.0,406852.0,274468.0,23372.0,,16.8,15.7,7.2,15.7,1757460.0,97.3,116.07,18.0,1.43,22.0,,8638.0,0.68,9300.0,,,7326.021505376345,,,,1.0,2.49824248641081e-05,-32.0
JPM,2025,2026-02-13,0001628280-26-008131,2026-02-13_0001628280-26-008131.htm,182447.0,95443.0,218.0,95640.0,86807.0,14212.0,72595.0,57048.0,20.05,20.02,52.0,4424900.0,4062462.0,,236.0,129.0,-188497.0,2506565.0,281.0,64776.0,802873.0,507198.0,270134.0,21742.0,,15.5,14.6,6.9,14.6,1981692.0,107.56,126.99,17.0,1.29,20.0,,9849.0,0.74,10359.0,,,1.2452939472922098,,,,1.0,2.259938077696671e-05,-51.0
MS,1997,1998-02-20,0000950130-98-000803,1998-02-20_0000950130-98-000803.htm,,,,,,,,,,,,,,,,,,,,,,,,,,,,,,,,,,,,,,,,,,,,,,,,
MS,2000,2001-02-16,0000950130-01-500161,2001-02-16_0000950130-01-500161.txt,,,,,,,,,,,,,,,,,,,,,,,,,,,,,,,,,,,,,,,,,,,,,,,,
MS,2002,2003-02-19,0000950130-03-001275,2003-02-19_0000950130-03-001275.htm,32415.0,1363.0,,,,,15.0,2988.0,,,,529499.0,,,21054.0,890.0,23404.0,,44051.0,50789.0,,,,29212.0,,,,,,,,20.24,,,,,1255.0,5.36233122543155,,,,,,,,,,48.0
MS,2003,2004-02-25,0001193125-04-029127,2004-02-25_0001193125-04-029127.htm,34933.0,1285.0,,,,,454.0,3787.0,3.52,3.45,,602843.0,,,19531.0,967.0,19382.0,,57902.0,28386.0,,,,29692.0,,,,,,,,22.93,16.5,,,,1193.0,6.155195542255701,,,,,,,,,,63.0
MS,2004,2005-02-11,0001193125-05-025463,2005-02-11_0001193125-05-025463.htm,39549.0,1231.0,,,,,6685.0,4486.0,4.15,4.06,,775410.0,,,17608.0,972.0,20226.0,,82587.0,36303.0,,,,32811.0,,,,,,,,25.95,16.8,,,,984.0,4.8650252150697115,,,,,,,,,,94.0
MS,2005,2006-02-13,0001193125-06-028736,2006-02-13_0001193125-06-028736.htm,52081.0,1393.0,,,,,7361.0,4939.0,4.7,4.57,,898523.0,2745.0,,19931.0,864.0,22916.0,,96709.0,31120.0,,,,29414.0,,,,,,,,27.59,19.0,,,,983.0,4.289579333216966,,,,,,,,,,93.0
MS,2006,2007-02-13,0001193125-07-027693,2007-02-13_0001193125-07-027693.htm,76551.0,1506.0,,,,,11000.0,7472.0,,,,1120645.0,2745.0,,21647.0,802.0,24173.0,,126770.0,29092.0,,,,20606.0,,,,,,,,32.67,21.1,,,,827.0,3.4211723824101274,,,,,,,,,,89.0
MS,2007,2008-01-29,0001193125-08-013719,2008-01-29_0001193125-08-013719.htm,85328.0,,,,,,3441.0,3209.0,,,,1045409.0,,,600.0,,22915.0,,159816.0,34495.0,,,,25598.0,,,,,,,,28.56,,,,,827.0,3.6089897447087056,,,,,,,,,,83.0
MS,2008,2009-01-29,0001193125-09-013429,2009-01-29_0001193125-09-013429.htm,,,,,,,2925.0,1707.0,,,,658812.0,,,200.0,,,,141466.0,3739.0,,,,11276.0,,17.9,26.8,6.6,,,,30.24,,6.65,,,,,,,,,,,,,,135.0
MS,2009,2010-02-26,0001193125-10-042763,2010-02-26_0001193125-10-042763.htm,,,,,,,1480.0,1406.0,,,,771462.0,,,7259.0,,,,167286.0,1595.0,,,,6988.0,,15.3,16.4,5.8,,9.7,21.67,27.26,,,,,,,,,,,,,,,,135.0
MS,2010,2011-02-28,0001193125-11-050049,2011-02-28_0001193125-11-050049.htm,,,,,,,,5702.0,,,,807698.0,,,3974.0,,,,165546.0,2311.0,,,,42000.0,,16.1,16.5,6.6,,329560.0,26.9,31.49,8.5,,,,,,,,,,,,,,,118.0
MS,2011,2012-02-27,0001193125-12-081807,2012-02-27_0001193125-12-081807.htm,,,,,,,,4645.0,,,,749898.0,,,121.0,,,,149152.0,1865.0,,,,314.0,,16.6,17.8,6.8,,315293.0,27.95,31.42,3.8,,,,,,,,,,,,,,,87.0
MS,2012,2013-02-26,0001193125-13-077191,2013-02-26_0001193125-13-077191.htm,,199.0,,,,85.0,,716.0,,,,780960.0,138742.0,,11748.0,,,,144268.0,1832.0,,,,32350.0,,17.7,18.5,7.1,,306746.0,26.86,30.7,,,0.1,,,,,,,,,,,,,75.0
MS,2013,2014-02-25,0001193125-14-067354,2014-02-25_0001193125-14-067354.htm,,,,,,46.0,,3613.0,,,,832702.0,763672.0,,7837.0,36701.0,,112379.0,153575.0,2134.0,273959.0,,,30169.0,,15.7,,7.6,,,27.16,32.24,4.3,,5.1,,13.0,,,,,,,,,,,53.0
MS,2014,2015-03-02,0001193125-15-071980,2015-03-02_0001193125-15-071980.htm,,,,,,23.0,,3667.0,,,,801510.0,729406.0,,8000.0,284.0,,133544.0,152772.0,2261.0,256801.0,209.0,,23161.0,,12.6,16.4,7.9,4.5,,28.26,33.25,4.8,,5.7,,3.0,,,,,,,,,,,1191.0
MS,2015,2016-02-23,0001193125-16-473553,2016-02-23_0001193125-16-473553.htm,,,,,,123.0,,6279.0,,,77.0,787465.0,711281.0,,20900.0,195.0,15816.0,156034.0,153768.0,88.0,228280.0,-246.0,,22356.0,,15.5,20.7,8.3,15.5,,,35.24,8.5,,8.2,,,,,,,,,,,,,1575.0
MS,2016,2017-02-27,0001193125-17-059212,2017-02-27_0001193125-17-059212.htm,,,,,,144.0,1428.0,6123.0,,,74.5,814949.0,737772.0,,24400.0,143.0,9604.0,155863.0,164775.0,941.0,262154.0,269.0,,25291.0,,17.8,23.2,8.4,16.9,,1.0,36.99,8.0,,,,,,,,,,,,,,,2094.0
MS,2017,2018-02-27,0001193125-18-060831,2018-02-27_0001193125-18-060831.htm,,,,,,29.0,1835.0,6216.0,,,72.6,851733.0,773267.0,,26700.0,423.0,12125.0,,,,298282.0,41.0,,63597.0,,16.5,21.7,8.3,16.5,,4.0,38.52,,,,,,,,,,,,,,,,40.0
MS,2018,2019-02-26,0001193125-19-051943,2019-02-26_0001193125-19-051943.htm,,3806.0,,,,15.0,5153.0,8883.0,,,72.0,853531.0,772125.0,,27500.0,440.0,8794.0,,,,27487.0,272.0,,69526.0,,8.6,12.1,4.0,8.6,,,39.19,13.2,,,,,,,,,,,,,,,1342.0
MS,2019,2020-02-27,0000895421-20-000265,2020-02-27_0000895421-20-000265.htm,,4694.0,,,,,5715.0,9237.0,,,72.7,895429.0,812732.0,72720.0,12423.0,114.0,17359.0,,,,30011.0,1137.0,,67657.0,,10.0,13.5,4.0,10.0,,,42.83,11.7,,,,,,,,,,,,,,,1100.0
MS,2020,2021-02-26,0000895421-21-000286,2021-02-26_0000895421-21-000286.htm,,6313.0,,,,,3980.0,1780.0,,,70.1,1115862.0,1012713.0,92531.0,98100.0,118.0,-17949.0,,,,34293.0,1580.0,,98.0,,4.5,8.0,4.0,17.4,,41.95,49.09,,,15.2,,,,,,,,,,,,,8578.0
MS,2021,2022-02-24,0000895421-22-000400,2022-02-24_0000895421-22-000400.htm,,8045.0,,,,-7.0,8514.0,9068.0,,,67.0,1188140.0,1081542.0,97691.0,129000.0,108.0,-36106.0,,,,33223.0,-1542.0,,88.0,,13.2,16.7,4.0,16.0,,40.91,55.12,,,19.8,,,,,,,,,,,,,-7842.0
MS,2022,2023-02-24,0000895421-23-000284,2023-02-24_0000895421-23-000284.htm,,9327.0,,,,211.0,9954.0,5407.0,,,73.0,1180231.0,1079000.0,,146000.0,109.0,-23652.0,,,,42117.0,-4437.0,,89.0,,13.3,16.8,4.0,15.3,,40.06,54.55,,,15.3,,,,,,,,,,,,,3700.0
MS,2023,2024-02-22,0000895421-24-000300,2024-02-22_0000895421-24-000300.htm,,8230.0,,,,401.0,11467.0,3592.0,,,77.0,1193693.0,1093711.0,,147000.0,116.0,-4059.0,351804.0,,,34032.0,1098.0,,97.0,,12.9,16.4,4.0,15.2,,40.89,55.5,9.4,,12.8,,,,,,,,,,,,,-3946.0
MS,2024,2025-02-21,0000895421-25-000304,2025-02-21_0000895421-25-000304.htm,,8611.0,,,,202.0,10013.0,6802.0,,,71.0,1215071.0,1109643.0,,160000.0,113.0,-22618.0,376007.0,,,36303.0,521.0,,93.0,,6.0,4.5,4.0,15.9,,44.57,58.98,14.0,,18.8,,,,,,,,,,,,,124.0
MS,2025,2026-02-19,0000895421-26-000086,2026-02-19_0000895421-26-000086.htm,,10046.0,,,,302.0,7699.0,8807.0,,,68.0,1420270.0,1307618.0,,181000.0,115.0,-41383.0,415523.0,,,33977.0,988.0,,95.0,,6.0,4.5,5.4,15.0,,50.0,64.37,16.6,,21.6,,,,,,,,,,,,,2637.0
PNC,1998,1999-03-25,0000950128-99-000612,1999-03-25_0000950128-99-000612.htm,,,,,,,,,,,,,,,,,,,,,,,,,,,,,,,,,,,,,,,,,,,,,,,,
PNC,2002,2003-03-13,0000950128-03-000346,2003-03-13_0000950128-03-000346.txt,,,,,,,,,,,,,,,,,,,,,,,,,,,,,,,,,,,,,,,,,,,,,,,,
PNC,2003,2004-03-12,0001193125-04-040348,2004-03-12_0001193125-04-040348.htm,2064.0,1996.0,3257.0,3476.0,-1412.0,177.0,,1001.0,3.58,2.36,66.0,68168.0,61061.0,,252.0,632.0,,45241.0,,116.0,,,,2965.0,,,,,,57271.0,,,23.0,1.64,,3.64,53.0,,11.0,,,5745.454545454545,,,,,,
PNC,2004,2005-03-16,0001193125-05-052209,2005-03-16_0001193125-05-052209.htm,2073.0,1969.0,3563.0,3735.0,-1662.0,52.0,,1197.0,,2.17,68.0,,71746.0,,279.0,607.0,,53269.0,,114.0,,,,3230.0,,,,,,64539.0,,,19.0,1.59,,3.22,49.0,0.35,9.0,,28.125,6744.444444444444,,,,,,
PNC,2005,2006-03-15,0001193125-06-054637,2006-03-15_0001193125-06-054637.htm,2857.0,2154.0,4162.0,4333.0,-1476.0,21.0,,1325.0,,4.55,69.0,,82801.0,,23217.0,596.0,,60275.0,,118.0,,,,3518.0,,,,,,76673.0,,,28.0,,,3.0,53.0,0.23,216.0,,,275.9259259259259,,,,,,
PNC,2006,2007-03-01,0001193125-07-043840,2007-03-01_0001193125-07-043840.htm,3125.0,2245.0,6327.0,4443.0,-1318.0,124.0,,2595.0,8.89,8.73,58.0,,90147.0,,24426.0,560.0,,66301.0,,,,,,3523.0,,,,,,85539.0,,,29.0,,,2.92,85.0,0.35,171.0,,,327.48538011695905,,,,,,
PNC,2007,2008-02-29,0001193125-08-043429,2008-02-29_0001193125-08-043429.htm,3801.0,2915.0,3790.0,4296.0,-495.0,315.0,1823.0,1467.0,4.43,4.35,113.02288871349644,,122412.0,14854.0,33437.0,830.0,,82696.0,4750.0,2000.0,,,,3567.0,,,,,,115132.0,,,23.0,,,3.0,131.0,0.39,478.0,,,173.64016736401672,,,,,,
PNC,2008,2009-03-02,0001193125-09-042518,2009-03-02_0001193125-09-042518.htm,7190.0,3823.0,3367.0,4430.0,2760.0,1517.0,1019.0,882.0,2.5,2.46,61.61335187760779,291081.0,263433.0,,175489.0,3917.0,1763.0,192865.0,5050.0,2000.0,,,,4471.0,,,,,,251106.0,,98.32,18.0,,,3.37,239.0,1.52,540.0,,30.629608621667614,725.3703703703704,,,,,,
PNC,2009,2010-03-11,0001193125-10-052794,2010-03-11_0001193125-10-052794.htm,16228.0,9083.0,7145.0,9073.0,7155.0,3930.0,1272.0,2403.0,4.3,4.26,55.90953906827705,,237296.0,,157543.0,5072.0,172.0,186922.0,2092.0,280.0,,,,4288.0,,,,,,232257.0,,,,,,3.82,415.0,3.06,324.0,,188.37209302325581,1565.432098765432,,,,,,
PNC,2010,2011-03-01,0001193125-11-051725,2011-03-01_0001193125-11-051725.htm,15176.0,9230.0,5946.0,8613.0,6563.0,2502.0,,3397.0,5.08,5.02,56.75408539799683,,231446.0,,150595.0,4887.0,,183390.0,4373.0,280.0,,,,3297.0,,,,,,216283.0,,,,0.21,,4.14,330.0,2.63,297.0,,,1645.4545454545453,,,,,,
PNC,2011,2012-02-29,0001193125-12-087345,2012-02-29_0001193125-12-087345.htm,14326.0,8700.0,5626.0,9105.0,5221.0,1152.0,,3071.0,5.7,5.64,63.55577272092698,,233959.0,,159014.0,4347.0,,187966.0,,,,,,4105.0,,6.0,,,,230705.0,,,,0.05,,3.92,219.0,1.82,336.0,,,1293.75,,,,,,
PNC,2012,2013-03-01,0001193125-13-085012,2013-03-01_0001193125-13-085012.htm,15512.0,9640.0,5872.0,10582.0,4930.0,987.0,,3001.0,5.36,5.3,68.21815368746776,,263342.0,,185856.0,4036.0,,213142.0,,,,,,5220.0,,6.0,,4.0,,260847.0,,,,0.82,,3.94,119.0,0.92,245.0,,,1647.3469387755104,,,,19.0,163.79310344827587,
PNC,2013,2014-03-03,0001193125-14-077944,2014-03-03_0001193125-14-077944.htm,16012.0,9147.0,6865.0,9801.0,6211.0,643.0,5568.0,4227.0,7.48,7.39,61.21034224331752,,276199.0,,189973.0,3609.0,,220931.0,,,,,,4043.0,,6.0,9.5,3.0,,272169.0,54.68,72.21,,0.73,,3.57,89.0,0.67,208.0,,,1735.096153846154,,,,35.0,,
PNC,2014,2015-03-02,0001193125-15-070443,2015-03-02_0001193125-15-070443.htm,15375.0,8525.0,6850.0,9488.0,5887.0,273.0,5614.0,4207.0,7.44,7.3,61.71056910569106,345072.0,298998.0,,199648.0,3331.0,,232234.0,,,,,,4360.0,,10.9,10.5,5.0,4.5,284018.0,59.88,77.61,,0.97,,3.08,31.0,0.24,139.0,,,2396.4028776978416,,,,23.0,0.006665275652617425,
PNC,2015,2016-02-29,0001193125-16-482577,2016-02-29_0001193125-16-482577.htm,15225.0,8278.0,6947.0,9463.0,5762.0,255.0,5507.0,4143.0,7.52,7.39,62.154351395730714,,312513.0,,205349.0,2727.0,,249002.0,,,,,,4065.0,,10.6,10.5,5.0,4.5,295905.0,63.65,81.84,,1.24,,2.74,138.0,3.06,111.0,,,2456.7567567567567,,,,57.0,,
PNC,2016,2017-02-28,0001193125-17-062524,2017-02-28_0001193125-17-062524.htm,15162.0,8391.0,6771.0,9476.0,5686.0,433.0,5253.0,3985.0,7.42,7.3,62.498351141010424,,319526.0,,208817.0,2589.0,,257164.0,,,,,,4879.0,,10.6,10.5,5.0,4.5,300533.0,67.26,85.94,,1.44,,2.73,349.0,,2374.0,,,109.05644481887111,,,,80.0,,
PNC,2017,2018-02-28,0000713676-18-000032,2018-02-28_0000713676-18-000032.htm,16329.0,9108.0,7221.0,10398.0,5931.0,441.0,5490.0,5388.0,10.49,10.36,63.678118684548956,,333183.0,,217271.0,2611.0,,265053.0,,,,,,5249.0,,10.4,,5.0,4.5,309460.0,72.28,91.94,,0.6,,2.87,371.0,,2035.0,,,128.30466830466833,,,,9.0,78.94736842105263,
PNC,2018,2019-03-01,0000713676-19-000015,2019-03-01_0000713676-19-000015.htm,17132.0,9721.0,7411.0,10296.0,6836.0,408.0,6428.0,5346.0,10.79,10.71,60.09806210600047,,334545.0,11.83,226245.0,2629.0,,267839.0,,,,,,5608.0,,10.6,,5.0,4.5,320595.0,75.42,95.72,,1.19,,2.97,420.0,,1808.0,,,145.40929203539824,,,,8.0,70.17543859649122,
PNC,2019,2020-03-02,0000713676-20-000042,2020-03-02_0000713676-20-000042.htm,17827.0,9965.0,7862.0,10574.0,7253.0,773.0,6480.0,5418.0,11.43,11.39,59.314522914679976,,360952.0,11.5,239843.0,2742.0,,288540.0,4180.0,,,328.0,,5061.0,,10.4,,3.0,4.5,340799.0,83.3,104.59,,1.3,,2.89,534.0,,1752.0,,,156.50684931506848,,,,38.0,,
PNC,2020,2021-02-26,0000713676-21-000025,2021-02-26_0000713676-21-000025.htm,16901.0,9946.0,6955.0,10297.0,6604.0,3175.0,,7558.0,6.37,6.36,60.925389030234896,,412638.0,,241928.0,5361.0,,365345.0,1986.0,,,,,7017.0,,10.4,,5.0,4.5,326772.0,97.43,119.11,,0.86,,2.53,0.33,,1211.0,,,442.69199009083405,,,,298.0,,
PNC,2021,2022-02-25,0000713676-22-000019,2022-02-25_0000713676-22-000019.htm,19211.0,10647.0,8564.0,13002.0,6209.0,320.0,,5725.0,12.71,12.7,67.67997501431472,,501465.0,,288372.0,70.0,,457278.0,1692.0,,,300.0,,8004.0,,6.0,,3.0,4.5,388769.0,94.11,120.61,,1.55,,2.29,,,1220.0,,,5.737704918032787,,,,5.0,54.94505494505495,
PNC,2022,2023-02-22,0000713676-23-000020,2023-02-22_0000713676-23-000020.htm,21120.0,13014.0,8106.0,13170.0,7950.0,,,6113.0,13.86,13.85,62.35795454545454,,511451.0,,326025.0,69.0,,436282.0,4335.0,,,,,7043.0,,6.0,,5.0,4.5,435537.0,72.12,99.93,,1.73,,2.65,,,1003.0,,,6.879361914257228,,,,-8.0,,
PNC,2023,2024-02-21,0000713676-24-000028,2024-02-21_0000713676-24-000028.htm,21490.0,13916.0,7574.0,14012.0,7478.0,396.0,6736.0,5647.0,12.8,12.79,65.20241973010702,,510439.0,,321508.0,66.0,,421418.0,10463.0,,,,,6921.0,,6.0,,3.0,4.5,424408.0,85.08,112.72,,3.28,,2.76,,,834.0,,,7.913669064748201,,,,22.0,,
PNC,2024,2025-02-21,0000713676-25-000027,2025-02-21_0000713676-25-000027.htm,21555.0,13499.0,8056.0,13524.0,8031.0,789.0,7242.0,5953.0,13.76,13.74,62.74182324286709,,505569.0,,316467.0,4486.0,,426738.0,8220.0,,,,,6904.0,,6.0,,3.0,4.5,422399.0,95.33,122.94,,4.39,,2.66,,,2357.0,,,190.3266864658464,,,,45.0,,
PNC,2025,2026-02-20,0000713676-26-000020,2026-02-20_0000713676-26-000020.htm,23099.0,14410.0,8689.0,13834.0,9265.0,779.0,8486.0,6997.0,16.6,16.59,59.89003852980649,,512936.0,,331481.0,4410.0,-14736.0,440866.0,5478.0,,,,,6777.0,,6.0,,4.0,4.5,444438.0,112.51,140.44,,4.42,,2.83,,,2361.0,,,186.78526048284624,,,,164.0,,
SCHW,1997,1998-03-27,0001047469-98-012181,1998-03-27_0001047469-98-012181.htm,,,,,,,,,,,,,,,,,,,,,,,,,,,,,,,,,,,,,,,,,,,,,,,,
SCHW,1998,1999-03-30,0000316709-99-000003,1999-03-30_0000316709-99-000003.htm,,,,,,,,,,,,,,,,,,,,,,,,,,,,,,,,,,,,,,,,,,,,,,,,
SCHW,1999,2000-03-28,0000316709-00-000009,2000-03-28_0000316709-00-000009.htm,,,,,,,,,,,,,,,,,,,,,,,,,,,,,,,,,,,,,,,,,,,,,,,,
SCHW,2001,2002-03-27,0000316709-02-000008,2002-03-27_0000316709-02-000008.txt,,,,,,,,,,,,,,,,,,,,,,,,,,,,,,,,,,,,,,,,,,,,,,,,
SCHW,2002,2003-03-21,0000316709-03-000009,2003-03-21_0000316709-03-000009.txt,,,,,,,,,,,,,,,,,,,,,,,,,,,,,,,,,,,,,,,,,,,,,,,,
SCHW,2003,2004-03-11,0000316709-04-000006,2004-03-11_0000316709-04-000006.txt,,,,,,,,,,,,,,,,,,,,,,,,,,,,,,,,,,,,,,,,,,,,,,,,
SCHW,2004,2005-03-02,0000316709-05-000006,2005-03-02_0000316709-05-000006.txt,,,,,,,,,,,,,,,,,,,,,,,,,,,,,,,,,,,,,,,,,,,,,,,,
SCHW,2005,2006-02-27,0001193125-06-039674,2006-02-27_0001193125-06-039674.htm,6.0,,,,,,,38.0,41.0,41.0,,,42901.0,,1244.0,29.0,,12271.0,8.0,78.0,,,,2330.0,,,,4.0,,,,,,85.0,,,,,,,,,,,,,,
SCHW,2006,2007-02-26,0001193125-07-039782,2007-02-26_0001193125-07-039782.htm,19.0,1434.0,,,,,,83.0,87.0,86.0,,,43984.0,,1.0,4.0,,9137.0,10.0,101.0,,,,4507.0,,,,8.0,,,,,,1.57,,,,,,,,,,,,,,
SCHW,2007,2008-02-27,0001193125-08-039024,2008-02-27_0001193125-08-039024.htm,16.0,1647.0,,,,3.0,27.0,50.0,54.0,54.0,,,38554.0,,102.0,7.0,,12047.0,6.0,101.0,,,,6764.0,,,,,,,,,,1.83,,,,,,,,,,,,,,
SCHW,2008,2009-02-25,0001193125-09-037420,2009-02-25_0001193125-09-037420.htm,3.0,1665.0,,,,17.0,11.0,43.0,50.0,50.0,,,47614.0,,0.13,0.33,,19203.0,13.0,40.0,,,,5217.0,,,,8.6,,,,,,1.76,,,,,,,,,,,,,,
SCHW,2009,2010-02-25,0001193125-10-040444,2010-02-25_0001193125-10-040444.htm,19.0,1207.0,,,,38.0,40.0,2.0,5.0,5.0,,,70358.0,,0.46,0.61,,31250.0,35.0,,,,,7848.0,,,,7.1,,,,,,1.05,,,,,,,,,,,,,,
SCHW,2010,2011-02-25,0001193125-11-046932,2011-02-25_0001193125-11-046932.htm,1.0,,,,,29.0,,22.0,21.0,20.0,,,86342.0,,0.58,0.6,,44858.0,51.0,,,,,7269.0,,,,6.5,,,,,,1.07,,,,,,,,,,,,,,
SCHW,2011,2012-02-24,0001193125-12-077926,2012-02-24_0001193125-12-077926.htm,10.0,,,,,33.0,79000.0,23.0,23.0,23.0,,,100839.0,,0.53,0.55,,52701.0,22.0,,,,,5554.0,,,,6.3,,,,,,1.1,,,,,,,,,,,,,,
SCHW,2012,2013-02-22,0001193125-13-071646,2013-02-22_0001193125-13-071646.htm,4.0,,,,,11.0,4000.0,6.0,10.0,10.0,,,124048.0,,0.45,0.52,,65546.0,17.0,,,,,7130.0,,16.9,,6.5,,,,,,0.91,,,,,,,,,,,,,,
SCHW,2013,2014-02-24,0000316709-14-000005,2014-02-24_0000316709-14-000005.htm,11.0,,,,,-106.0,18.0,8.0,3.0,3.0,,,133261.0,,0.39,0.39,,,6.0,,,,,6943.0,,16.7,,6.4,,,,,,0.85,,,,,,,,,,,,,,
SCHW,2014,2015-02-23,0000316709-15-000014,2015-02-23_0000316709-15-000014.htm,11.0,,,,,4.0,24.0,31.0,26.0,26.0,,,142839.0,,0.26,0.31,,,-1.0,,,,,7179.0,,18.0,,6.9,,,,,,0.91,,,,,,,,,,,,,,
SCHW,2015,2016-02-24,0000316709-16-000067,2016-02-24_0000316709-16-000067.htm,5.0,,,,,175.0,8.0,14.0,0.29,0.28,,,170316.0,,13973.0,0.22,,,10.0,,,,,9358.0,,,,7.1,,59578.0,,,,0.89,,,,,,,,,,,,,,
SCHW,2016,2017-02-23,0000316709-17-000010,2017-02-23_0000316709-17-000010.htm,17.0,,,,,-55.0,31.0,19.0,0.36,0.36,,223383.0,206962.0,,14715.0,,,,15.0,1864.0,,72586.0,57451.0,11143.0,,,,7.2,,68179.0,,,,0.96,,1.73,,,,,,,,,,,,
SCHW,2017,2018-02-22,0000316709-18-000009,2018-02-22_0000316709-18-000009.htm,15.0,,,,,100.0,22.0,22.0,,,,,224749.0,,15919.0,,,,26.0,3503.0,,53040.0,103599.0,9931.0,,,,7.6,,75866.0,,,,1.03,,1.97,,,31.0,,,,,,,,,
SCHW,2018,2019-02-22,0000316709-19-000008,2019-02-22_0000316709-19-000008.htm,18.0,,,,,3.0,25.0,28.0,,,,,275812.0,,16554.0,,,,38.0,-100.0,,54542.0,131794.0,17783.0,,,,7.1,,95441.0,,,,1.33,,1.97,,,24.0,,,,,,,,,
SCHW,2019,2020-02-26,0000316709-20-000012,2020-02-26_0000316709-20-000012.htm,6.0,,,,,4.0,6.0,26.0,,,,,272260.0,,16832.0,,,,27.0,17.0,,58181.0,134708.0,23512.0,,,,7.3,,90512.0,,,,1.32,,,,,23.0,,,,,,,,,
SCHW,2020,2021-02-24,0000316709-21-000012,2021-02-24_0000316709-21-000012.htm,12.0,,,,,9.0,-11000.0,15.0,2.13,2.12,,,492949.0,,20932.0,60865.0,,,48.0,89.0,,253555.0,134706.0,39052.0,,,,6.3,,123881.0,,,,0.8,15.0,1.62,,,90.0,,,67627.77777777778,,,,,,
SCHW,2021,2022-02-24,0000316709-22-000009,2022-02-24_0000316709-22-000009.htm,58000.0,,,,,-9.0,79000.0,77000.0,2.84,2.83,,667270.0,611009.0,,28789.0,,,,17704.0,3040.0,,357122.0,,40325.0,,,,6.2,,141969.0,,,,,22.0,1.45,,,36.0,,,,,,,,,
SCHW,2022,2023-02-24,0000316709-23-000009,2023-02-24_0000316709-23-000009.htm,12000.0,,,,,53.0,22000.0,23000.0,3.52,3.5,,551772.0,515164.0,,38816.0,,,,20714.0,4993.0,,260392.0,112357.0,57163.0,,,,7.2,,139657.0,,,,,42.0,1.78,,,25.0,,,,,,,,,
SCHW,2023,2024-02-23,0000316709-24-000018,2024-02-23_0000316709-24-000018.htm,-9000.0,,,,,-34.0,-32000.0,-29000.0,2.55,2.54,,493178.0,452220.0,,40234.0,,,,22636.0,7144.0,,137178.0,165634.0,37846.0,,,,8.5,,128230.0,,,,,54.0,1.98,,,15.0,,,,,,,,,
SCHW,2024,2025-02-26,0000316709-25-000010,2025-02-26_0000316709-25-000010.htm,4000.0,,,,,53.0,21000.0,17000.0,3.0,2.99,,,431468.0,,42255.0,,,,23083.0,9146.0,,101659.0,152566.0,29676.0,,,,9.9,,113648.0,,,,,35.0,2.12,,,,,,,,,,,,
SCHW,2025,2026-02-25,0000316709-26-000009,2026-02-25_0000316709-26-000009.htm,22000.0,,,,,-34.0,49000.0,49000.0,4.67,4.65,,,441570.0,,50595.0,,,,21093.0,7020.0,,74478.0,139447.0,28054.0,,,,9.3,,118782.0,,,,,38.0,2.74,,,,,,,,,,,,
STT,1997,1998-03-26,0000950156-98-000287,1998-03-26_0000950156-98-000287.htm,,,,,,,,,,,,,,,,,,,,,,,,,,,,,,,,,,,,,,,,,,,,,,,,
STT,1998,1999-03-23,0000950146-99-000551,1999-03-23_0000950146-99-000551.htm,,,,,,,,,,,,,,,,,,,,,,,,,,,,,,,,,,,,,,,,,,,,,,,,
STT,2001,2002-02-22,0001145443-02-000006,2002-02-22_0001145443-02-000006.htm,3864.0,,,,,8.0,1047.0,21.0,,,,71325.0,66051.0,3634.0,4130.0,-58.0,,38559.0,1218.0,1097.0,,-19160.0,-4246.0,1271.0,,,,5.4,,,,,18.2,10.0,,1.66,,,,,,,,,,,,
STT,2002,2003-02-21,0001145443-03-000208,2003-02-21_0001145443-03-000208.htm,4396.0,,,,,4.0,1555.0,15.4,3.14,3.1,,79085.0,81007.0,,3022.0,61.0,,45468.0,1259.0,1242.0,,76.0,1143.0,1165.0,,,,5.6,,,,,24.1,8.0,,,,,,,,,,,,,,
STT,2003,2004-02-24,0001145443-04-000171,2004-02-24_0001145443-04-000171.htm,,,,,,,,,,,,,,,,,,,,,,,,,,,,5.6,,,,,15.0,,,,,,,,,,,,,,,
STT,2004,2005-02-18,0001145443-05-000253,2005-02-18_0001145443-05-000253.htm,,,,,,,,,,,,,,,,,,,,,,,,,,,,,,,,,13.3,,,,,,,,,,,,,,,
STT,2005,2006-02-21,0001145443-06-000351,2006-02-21_0001145443-06-000351.htm,5473.0,,,,,826.0,541.0,838.0,,,,97968.0,91601.0,,6464.0,,,59646.0,2659.0,1219.0,,3299.0,1132.0,2684.0,,,,5.6,,,,,,0.95,,,,,,,,,,,,,,
STT,2006,2007-02-20,0001104659-07-012016,2007-02-20_0001104659-07-012016.htm,6311.0,,,,,1110.0,901.0,10.0,,,,107353.0,106444.0,,7670.0,18.0,,65646.0,2616.0,2039.0,,3571.0,1590.0,2977.0,,,,5.8,,,,,,1.03,,1.25,,,,,,,,,,,,
STT,2007,2008-02-15,0001047469-08-001447,2008-02-15_0001047469-08-001447.htm,8336.0,,,,,1730.0,1187.0,1261.0,,,,142543.0,131244.0,11299.0,10753.0,18.0,,95789.0,3636.0,22024.0,,4731.0,859.0,3272.0,,11.2,12.7,5.3,,,,,,,,1.71,,,,,,,,,,,,
STT,2008,2009-02-27,0001193125-09-041171,2009-02-27_0001193125-09-041171.htm,10693.0,,,,,2650.0,558.0,1811.0,,,,173631.0,160857.0,,11884.0,18.0,,112225.0,4419.0,9170.0,,5408.0,1766.0,5096.0,,20.3,21.6,7.8,,,,,14.8,1.11,,2.08,,,,,,,,,,,,
STT,2009,2010-02-22,0001193125-10-036481,2010-02-22_0001193125-10-036481.htm,8640.0,,,,,149.0,2525.0,1881.0,,,,157946.0,143455.0,,9703.0,79.0,,90062.0,8838.0,877.0,3.7,368.0,4498.0,2237.0,,,,8.5,,,,,,1.12,,2.19,,,,,,,,,,,,4.8
STT,2010,2011-02-28,0001193125-11-047982,2011-02-28_0001193125-11-047982.htm,8953.0,,,,,25.0,2086.0,1556.0,,,,160505.0,142718.0,,12094.0,100.0,,98345.0,8550.0,13590.0,4.6,24736.0,4676.0,2781.0,,,,8.2,,,,,9.5,1.02,,2.24,,,,,,,,,,,,7.2
STT,2011,2012-02-27,0001193125-12-079737,2012-02-27_0001193125-12-079737.htm,9594.0,,,,,55.0,2536.0,1920.0,,,,216673.0,197429.0,,72.0,22.0,,157287.0,8134.0,5134.0,5.4,16272.0,3653.0,3436.0,,,,7.3,,,,,,1.09,,1.67,,,,,,,,,,,,7.1
STT,2012,2013-02-22,0000093751-13-000040,2013-02-22_0000093751-13-000040.htm,9649.0,,,,,3.0,2766.0,2061.0,,,,222582.0,201713.0,20869.0,69.0,22.0,,164181.0,7429.0,4676.0,2.2,55.0,3176.0,3811.0,,4.0,8.0,7.1,,,,,10.3,1.05,,1.59,,,,,,,,,,,,3.9
STT,2013,2014-02-21,0000093751-14-000040,2014-02-21_0000093751-14-000040.htm,9884.0,,,,,6.0,2686.0,2136.0,,,,243291.0,222913.0,20378.0,82.0,28.0,,182268.0,9699.0,3785.0,,14.0,2080.0,3747.0,,4.0,8.0,6.9,4.5,80126.0,,,10.5,1.02,,1.37,,,,,,,,,,,,6361.0
STT,2014,2015-02-20,0000093751-15-000042,2015-02-20_0000093751-15-000042.htm,10295.0,,,,,10.0,2458.0,2037.0,,,,274119.0,252646.0,21473.0,75.0,38.0,,209040.0,10042.0,4177.0,,15.0,3217.0,4139.0,,14.6,,6.4,12.5,107827.0,,,9.8,0.86,,1.16,,,,,,,,,,,,8100.0
STT,2015,2016-02-19,0000093751-16-000446,2016-02-19_0000093751-16-000446.htm,55.0,,,,,12.0,2298.0,1980.0,,0.9,,245192.0,224057.0,21103.0,74.0,46.0,,191627.0,11534.0,3826.0,,5.0,3842.0,2460.0,,15.3,,6.9,12.5,99552.0,,,9.8,0.79,,1.03,,,,,,,,,,,,5733.0
STT,2016,2017-02-17,0000093751-17-000249,2017-02-17_0000093751-17-000249.htm,10207.0,,,,,10.0,2120.0,2143.0,,,,242698.0,221479.0,21219.0,78.0,53.0,,187163.0,11430.0,1666.0,,10.0,7942.0,3157.0,,14.8,,6.5,11.7,99301.0,,,10.5,0.93,,1.13,,,,,,,,,,,,8285.0
STT,2017,2018-02-26,0000093751-18-000308,2018-02-26_0000093751-18-000308.htm,11170.0,2304.0,,,,2.0,2899.0,2177.0,,,,238425.0,216108.0,22317.0,73.0,54.0,,184896.0,11620.0,1313.0,,39.0,4028.0,3097.0,,15.5,,7.3,12.3,99156.0,,,10.6,0.99,,1.29,,,,,,,,,,,,8123.0
STT,2018,2019-02-21,0000093751-19-000336,2019-02-21_0000093751-19-000336.htm,11982.0,2671.0,,,,15.0,2999.0,2599.0,,,,244626.0,219836.0,24790.0,77.0,67.0,,180360.0,11093.0,1327.0,,9.0,6296.0,3178.0,,16.0,,7.2,12.1,,,,12.2,1.16,,1.47,,,,,,,,,,,,10507.0
STT,2019,2020-02-20,0000093751-20-000684,2020-02-20_0000093751-20-000684.htm,11756.0,2566.0,,,,10.0,2712.0,2242.0,,,,245610.0,221179.0,24431.0,24073.0,5.0,,181872.0,12509.0,1524.0,,1.0,10390.0,3390.0,,14.5,,6.9,11.7,104364.0,,,9.4,1.0,,1.42,,,,,,,,,,,,9859.0
STT,2020,2021-02-19,0000093751-21-000476,2021-02-19_0000093751-21-000476.htm,11703.0,2200.0,,,,88.0,2899.0,2420.0,,,,314706.0,288506.0,26200.0,27525.0,1.0,,239798.0,13805.0,8207.0,,2645.0,7902.0,3849.0,,14.4,,6.4,12.3,109705.0,,,10.0,0.9,,0.97,,,,,,,,,,,,9268.0
STT,2021,2022-02-17,0000093751-22-000424,2022-02-17_0000093751-22-000424.htm,12027.0,1905.0,,,,-33.0,3171.0,2693.0,,,,,287261.0,314624.0,31009.0,-87.0,,255035.0,13383.0,315.0,,73399.0,42430.0,5057.0,,11.5,,,14.3,111398.0,,,10.7,0.9,,,,,,,,,,,,,,16288.0
STT,2022,2023-02-16,0000093751-23-000489,2023-02-16_0000093751-23-000489.htm,12148.0,2544.0,,,,20.0,3327.0,2774.0,,,,,276259.0,1976.0,35117.0,-97.0,,235464.0,14132.0,1188.0,,40579.0,64700.0,3652.0,,11.5,,,13.6,105359.0,,,11.1,1.0,,,,,,,,,,,,,,8637.0
STT,2023,2024-02-15,0000093751-24-000498,2024-02-15_0000093751-24-000498.htm,11945.0,2759.0,,,,46.0,2316.0,1944.0,,,,,273459.0,1976.0,34800.0,-135.0,,220970.0,17355.0,1120.0,,44526.0,57117.0,3925.0,,11.5,,,11.6,107453.0,,,8.2,0.7,,,,,,,,,,,,,,11590.0
STT,2024,2025-02-13,0000093751-25-000111,2025-02-13_0000093751-25-000111.htm,13000.0,2923.0,,,,75.0,3395.0,2687.0,,,,,327914.0,,39660.0,-174.0,,261920.0,20394.0,11425.0,,-79.0,47727.0,3674.0,,11.5,,,10.9,114602.0,,,11.1,0.9,,,,,,,,,,,,,,14121.0
STT,2025,2026-02-19,0000093751-26-000124,2026-02-19_0000093751-26-000124.htm,13944.0,2960.0,,,,59.0,3731.0,2945.0,,,,,338206.0,,6.0,-193.0,,274350.0,25006.0,9590.0,,4.0,38171.0,4134.0,,11.5,,,11.6,114357.0,,,11.5,0.9,,,,,,,,,,,,,,8415.0
TFC,1997,1998-03-18,0000950132-98-000220,1998-03-18_0000950132-98-000220.htm,,,,,,,,,,,,,,,,,,,,,,,,,,,,,,,,,,,,,,,,,,,,,,,,
TFC,1998,1999-03-19,0000950109-99-000901,1999-03-19_0000950109-99-000901.htm,,,,,,,,,,,,,,,,,,,,,,,,,,,,,,,,,,,,,,,,,,,,,,,,
TFC,1999,2000-03-14,0000930661-00-000544,2000-03-14_0000930661-00-000544.htm,,,,,,,,,,,,,,,,,,,,,,,,,,,,,,,,,,,,,,,,,,,,,,,,
TFC,2001,2002-03-15,0000916641-02-000426,2002-03-15_0000916641-02-000426.htm,3863.0370000000003,1797728.0,1153281.0,1672477.0,-1668613.963,224.318,1360428.0,,2.15,0.61,,,,,6551.073,644418.0,,,11011.408,,,,,1871437.0,,,,3.0,,,,,,,,4.17,187.09,0.0004167619058990421,373.571,,0.0008321672026757767,172502.14818602084,,,,,,
TFC,2002,2003-03-07,0000916641-03-000480,2003-03-07_0000916641-03-000480.htm,4554.504,2151764.0,1446179.0,1925328.0,-1920773.496,263.7,1790697.0,,0.71,0.7,,,,7113.49,7061.493,723685.0,,,12134.712,,,,,1929650.0,,,,3.0,,,,15.7,,,,4.25,246.532,0.0004889895338285365,451.664,,0.0008958632907984849,160226.40724078077,,,,,,
TFC,2003,2004-03-08,0001193125-04-036289,2004-03-08_0001193125-04-036289.htm,5291.877,879.9490000000001,28943.0,302038.0,-296746.123,,1617030.0,305.027,0.56,0.55,,,4192.387,,7299.6050000000005,295.779,6217.568,,11710281.0,,,,,449747.0,,,,3.0,,,,18.33,,,,4.06,0.00317,5.098456502606807e-05,447.10200000000003,,7.190946685263435,66.15470295368841,,,,,,
TFC,2004,2005-03-07,0001193125-05-043730,2005-03-07_0001193125-05-043730.htm,66788.041,846.041,65942.0,309965.0,-243176.959,65.153,2322362.0,416.884,0.76,0.75,,,,,7711.876,0.0011899999999999999,,,10886199.0,1300.6290000000001,,,,1782323.0,,,,3.0,,,,19.76,,,,4.04,0.00342,5.1240412780179995e-09,358.094,,0.0005365170869621571,0.0003323149787485967,,,,,,
TFC,2005,2006-03-10,0001193125-06-051066,2006-03-10_0001193125-06-051066.htm,72455.733,899.7330000000001,71556.0,320343.0,-247887.267,69.32900000000001,2466731.0,429.574,0.79,0.78,,,,,8252.59,0.00111,,,11958681.0,,,,,2185571.0,,,,3.0,,,,20.49,,,,3.89,0.00384,5.219564657316415e-09,300.129,,0.0004079538336030517,0.00036984096838359507,,,,,,
TFC,2006,2007-02-27,0001193125-07-041147,2007-02-27_0001193125-07-041147.htm,1073.0,956.0,117.0,332.0,741.0,73.0,2473.0,251.0,0.46,0.46,30.941286113699906,,109606.0,,10848.0,1.07,82023.0,80971.0,14628.0,,,,,2024.0,,8.5,12.0,3.0,,,,21.69,,,,3.74,4.12,0.0050229813588871415,349.0,,0.4254904112261195,0.30659025787965616,,,,,,
TFC,2007,2008-02-28,0001193125-08-041900,2008-02-28_0001193125-08-041900.htm,3969.0,3880.0,89.0,334.0,3635.0,184.0,2570.0,411.0,0.75,0.75,8.415217939027462,,119986.0,12166.0,14037.0,1.1,89903.0,86766.0,18045.0,,,,,2050.0,,8.5,12.0,3.0,,,,23.14,,,,3.52,2.97,0.003303560504098862,696.0,,0.7741677140918546,0.15804597701149428,,,,,,
TFC,2008,2009-02-27,0001193125-09-041217,2009-02-27_0001193125-09-041217.htm,7435.0,4238.0,3197.0,309.0,7126.0,528.0,2069.0,305.0,0.51,0.51,4.156018829858777,,135978.0,,17131.0,1.62,,98613.0,19839.0,,,,,1639.0,,8.5,12.0,3.0,,,,,,,,3.58,1.85,92.5,2030.0,,,0.07980295566502463,,,,,,
TFC,2009,2010-02-26,0001193125-10-042975,2010-02-26_0001193125-10-042975.htm,8778.0,4844.0,3934.0,308.0,8470.0,2811.0,1036.0,194.0,0.27,0.27,3.508771929824561,,149523.0,16336.0,17768.0,2.51,,114965.0,19085.0,,,,,1584.0,,8.5,12.0,3.0,,8.5,14.44,,,56.0,,3.58,1.47,,,,,,,,,,,
TFC,2010,2011-02-25,0001193125-11-047405,2011-02-25_0001193125-11-047405.htm,9277.0,5320.0,3957.0,369.0,8908.0,2494.0,969.0,217.0,0.3,0.3,3.9775789587151023,,140583.0,16886.0,20490.0,2708.0,,107213.0,21653.0,,,23169.0,,1127.0,,8.5,12.0,3.0,,9.1,15.43,,,54.0,,3.66,1.07,,,,,,,,,,,
TFC,2011,2012-02-27,0001193125-12-081457,2012-02-27_0001193125-12-081457.htm,8620.0,5507.0,3113.0,5802.0,2818.0,1190.0,1628.0,1332.0,0.56,0.55,67.30858468677494,162966.0,157099.0,,1070.0,2.1,,124939.0,22257.0,,,,,1562.0,,8.5,3.0,,,9.7,16.73,,,0.82,,4.06,264.0,1.5,3216.0,,,0.06529850746268658,,,,,,
TFC,2012,2013-03-01,0000092230-13-000023,2013-03-01_0000092230-13-000023.htm,1130.857,5.857,1125.0,1828.0,-697.143,,,2028.0,,,161.6473170347798,,,,,,,,20651.0,,,,,-591.0,,9.5,,3.5,,,,,,1.14,,,,1.5,,,,,,,,,,
TFC,2013,2014-02-26,0000092230-14-000014,2014-02-26_0000092230-14-000014.htm,1207.616,5.6160000000000005,1202.0,1701.0,-493.384,,,1729.0,,,140.85603370607876,,,,,,,,19301.0,,,,,-874.0,,10.0,,,,4.5,,,,0.95,,,,,,,,,,,,,,
TFC,2014,2015-02-25,0000092230-15-000021,2015-02-25_0000092230-15-000021.htm,1252.374,5.3740000000000006,1247.0,1535.0,-282.626,,,2226.0,,,122.5672203351395,,,,,,,,22210.0,3421.0,,,,160.0,,4.5,,,4.5,4.5,,,,1.2,,3.36,,,,,,,,,,,,
TFC,2015,2016-02-25,0000092230-16-000125,2016-02-25_0000092230-16-000125.htm,1171.592,5.5920000000000005,1166.0,1517.0,-345.4079999999999,,,2123.0,,,129.4819356909231,,,,,,,,23343.0,3221.0,,,,1386.0,,10.0,,,,4.5,,,,1.08,,3.35,,,,,,,,,,,,
TFC,2016,2017-02-21,0000092230-17-000021,2017-02-21_0000092230-17-000021.htm,10793.0,6321.0,4472.0,6721.0,4072.0,572.0,3500.0,2442.0,,,62.27184286111368,218945.0,189350.0,29355.0,141759.0,,,160234.0,22791.0,2554.0,,,,1897.0,,,,,4.5,8.5,,,,1.12,,3.32,2.8,,,,,,,,,,,
TFC,2017,2018-02-21,0000092230-18-000021,2018-02-21_0000092230-18-000021.htm,11317.0,6535.0,4782.0,7444.0,3873.0,547.0,3326.0,2415.0,,,65.7771494212247,221065.0,191947.0,30001.0,144075.0,,,157371.0,21660.0,4311.0,,,,2243.0,,,,,4.5,8.5,,,,1.09,,3.43,2.78,,,,,,,,,,,
TFC,2018,2019-02-26,0000092230-19-000017,2019-02-26_0000092230-19-000017.htm,4882.682,6.682,4876.0,6932.0,-2049.318,566.0,4060.0,3257.0,,,141.97115437786036,222273.0,195.519,29743.0,146417.0,,,161199.0,23755.0,5955.0,,,,2.753,,,,,4.5,4.5,,,,1.47,,3.49,524.0,,,,,,,,,,,
TFC,2019,2020-03-03,0000092230-20-000045,2020-03-03_0000092230-20-000045.htm,1913.0,515.0,1398.0,7.934,1905.066,0.615,4.019,3.237,,,0.41474124411918456,247.494,406520.0,0.04566,161604.0,,,334727.0,24.756,8462.0,1277.0,,,4084.0,,11.0,,4.0,9.5,10.6,,,,1.31,,3.42,,,684.0,,,,,,,,,
TFC,2020,2021-02-24,0000092230-21-000032,2021-02-24_0000092230-21-000032.htm,9662.0,7377.0,2285.0,14.897,9647.103,2.335,5.473,4.492,,,0.1541813289174084,499.08500000000004,438316.0,0.046520000000000006,314501.0,,,381077.0,45.793,10129.0,4655.0,,,5029.0,,11.2,,4.0,9.7,11.0,,,,0.9,,3.22,,0.36,1387.0,,,,,,,,,
TFC,2021,2022-02-23,0000092230-22-000008,2022-02-23_0000092230-22-000008.htm,10603.0,6738.0,3865.0,7408.0,3195.0,-813.0,3984.0,6437.0,,,69.86701876827313,522385.0,471970.0,69271.0,293448.0,,,416488.0,37410.0,6170.0,5602.0,,,5085.0,,11.0,,4.0,9.5,10.5,,,,1.23,,2.86,,,1163.0,,,,,,,,,
TFC,2022,2023-02-28,0000092230-23-000034,2023-02-28_0000092230-23-000034.htm,9932.0,6509.0,3423.0,7348.0,2584.0,777.0,4597.0,6267.0,,,73.98308497784937,543830.0,494.718,,306835.0,,,413495.0,34172.0,14957.0,5767.0,,,5.3790000000000004,,11.0,,,9.5,434.413,,,,1.15,,3.01,,,1250.0,,,,,,,,,
TFC,2023,2024-02-27,0000092230-24-000010,2024-02-27_0000092230-24-000010.htm,8898.0,5588.0,3310.0,8080.0,818.0,2109.0,4282.0,-1047.0,,,90.80692290402338,553132.0,476.096,,322335.0,,,401127.0,49678.0,24478.0,4739.0,,,5.072,,11.4,,,9.9,423705.0,,,,,,3.0,,,1488.0,,,,,,,,,
TFC,2024,2025-02-25,0000092230-25-000020,2025-02-25_0000092230-25-000020.htm,7329.0,5288.0,2041.0,1115.0,6214.0,1870.0,6628.0,4840.0,,,15.21353527084186,526065.0,467.497,,306538.0,,,387868.0,36713.0,24499.0,5320.0,,,5.793,,11.3,,,9.8,418337.0,,,,0.92,,3.03,,,1477.0,,,,,,,,,
TFC,2025,2026-02-24,0000092230-26-000030,2026-02-24_0000092230-26-000030.htm,8193.0,6120.0,2073.0,1142.0,7051.0,1894.0,5337.0,4974.0,,,13.938728182594899,538228.0,482.349,,317609.0,,,396335.0,36838.0,28117.0,5884.0,,,4.9670000000000005,,6.0,,,4.5,434977.0,,,,,,3.03,,,1633.0,,,,,,,,,
USB,2001,2002-02-28,0000950137-02-000971,2002-02-28_0000950137-02-000971.txt,,,,,,,,,,,,,,,,,,,,,,,,,,,,,,,,,,,,,,,,,,,,,,,,
USB,2002,2003-02-28,0000950134-03-003243,2003-02-28_0000950134-03-003243.htm,12744.9,6876.3,5568.7,5932.5,6812.4,1349.0,2158.0,3289.2,,1.73,50.3,,,,114456.0,2422.0,,,29604.0,11304.0,,118.0,233.0,10758.0,,,,7.5,,,,9.44,19.4,1.91,,4.61,,,,,,,,,,,,
USB,2003,2004-02-27,0000950134-04-002667,2004-02-27_0000950134-04-002667.htm,12530.5,7217.5,5068.2,5596.9,6933.6,1254.0,,3732.6,,1.92,45.6,,,,118362.0,2369.0,,,30965.0,10503.0,,127.0,152.0,8630.0,,,,8.0,,,,10.01,19.2,1.99,,4.49,,,,,,,,,,,,
USB,2004,2005-02-28,0000950134-05-003890,2005-02-28_0000950134-05-003890.htm,12659.1,7139.9,5624.1,5784.5,6874.6,669.6,,4166.8,,2.18,45.3,,,,122141.0,2269.0,,,35115.0,14534.0,,126.0,127.0,6336.0,,,,7.9,,,,10.52,21.4,2.17,,4.25,,,,,,,,,,,,
USB,2005,2006-03-07,0000950134-06-004429,2006-03-07_0000950134-06-004429.htm,13133.0,7088.0,6151.0,5863.0,7270.0,666.0,1671.0,4489.0,,2.42,44.3,,,,133105.0,2251.0,,,36141.0,19382.0,,107.0,109.0,8004.0,,,,7.6,,,,11.07,22.5,2.21,,3.97,,,,,,,,,,,,
USB,2006,2007-02-26,0000950124-07-001116,2007-02-26_0000950124-07-001116.htm,13636.0,6790.0,6832.0,6180.0,7456.0,544.0,1876.0,4751.0,,2.61,45.4,,,,140601.0,2256.0,,,40357.0,24422.0,,253.0,87.0,8639.0,,,,8.2,,194659.0,,11.44,23.6,2.23,,3.65,,,,,,,,,,,,
USB,2007,2008-02-25,0000950124-08-000806,2008-02-25_0000950124-08-000806.htm,,,,,,,,,,,,,,,,,,,,,,,,,,,,,,,,,,,,,,,,,,,,,,,,
USB,2008,2009-03-02,0000950152-09-002057,2009-03-02_0000950152-09-002057.htm,,,,,,,,,,,,,,,,,,,,,,,,,,,,,,,,,,,,,,,,,,,,,,,,
USB,2009,2010-02-26,0000950123-10-018123,2010-02-26_0000950123-10-018123.htm,,,,,,,,,,,,,,,,,,,,,,,,,,,,,,,,,,,,,,,,,,,,,,,,
USB,2010,2011-02-28,0000950123-11-019888,2011-02-28_0000950123-11-019888.htm,,,,,,,,,,,,,,,,,,,,,,,,,,,,,,,,,,,,,,,,,,,,,,,,
USB,2011,2012-02-23,0001193125-12-075125,2012-02-23_0001193125-12-075125.htm,,,,,,,,,,,,,,,,,,,,,,,,,,,,,,,,,,,,,,,,,,,,,,,,
USB,2012,2013-02-22,0001193125-13-071069,2013-02-22_0001193125-13-071069.htm,,,,,,,,,,,,,,,,,,,,,,,,,,,,,,,,,,,,,,,,,,,,,,,,
USB,2013,2014-02-21,0001193125-14-062530,2014-02-21_0001193125-14-062530.htm,,,,,,,,,,,,,,,,,,,,,,,,,,,,,,,,,,,,,,,,,,,,,,,,
USB,2014,2015-02-27,0001193125-15-068728,2015-02-27_0001193125-15-068728.htm,,,,,,,,,,,,,,,,,,,,,,,,,,,,,,,,,,,,,,,,,,,,,,,,
USB,2015,2016-02-25,0001193125-16-478568,2016-02-25_0001193125-16-478568.htm,,,,,,,,,,,,,,,,,,,,,,,,,,,,,,,,,,,,,,,,,,,,,,,,
USB,2016,2017-02-23,0001193125-17-053947,2017-02-23_0001193125-17-053947.htm,,,,,,,,,,,,,,,,,,,,,,,,,,,,,,,,,,,,,,,,,,,,,,,,
USB,2017,2018-02-22,0001193125-18-053893,2018-02-22_0001193125-18-053893.htm,,,,,,,,,,,,,,,,,,,,,,,,,,,,,,,,,,,,,,,,,,,,,,,,
USB,2018,2019-02-22,0001193125-19-047201,2019-02-22_0001193125-19-047201.htm,,,,,,,,,,,,,,,,,,,,,,,,,,,,,,,,,,,,,,,,,,,,,,,,
USB,2019,2020-02-20,0001193125-20-043622,2020-02-20_0001193125-20-043622.htm,,,,,,,,,,,,,,,,,,,,,,,,,,,,,,,,,,,,,,,,,,,,,,,,
USB,2020,2021-02-23,0001193125-21-052547,2021-02-23_0001193125-21-052547.htm,,,,,,,,,,,,,,,,,,,,,,,,,,,,,,,,,,,,,,,,,,,,,,,,
USB,2021,2022-02-22,0001193125-22-048709,2022-02-22_0001193125-22-048709.htm,,,,,,,,,,,,,,,,,,,,,,,,,,,,,,,,,,,,,,,,,,,,,,,,
USB,2022,2023-02-27,0001193125-23-050691,2023-02-27_0001193125-23-050691.htm,,,,,,,,,,,,,,,,,,,,,,,,,,,,,,,,,,,,,,,,,,,,,,,,
USB,2023,2024-02-20,0000036104-24-000018,2024-02-20_0000036104-24-000018.htm,,,,,,,,,,,,,,,,,,,,,,,,,,,,,,,,,,,,,,,,,,,,,,,,
USB,2024,2025-02-21,0000036104-25-000016,2025-02-21_0000036104-25-000016.htm,,,,,,,,,,,,,,,,,,,,,,,,,,,,,,,,,,,,,,,,,,,,,,,,
USB,2025,2026-02-23,0000036104-26-000011,2026-02-23_0000036104-26-000011.htm,,,,,,,,,,,,,,,,,,,,,,,,,,,,,,,,,,,,,,,,,,,,,,,,
WFC,1997,1998-02-27,0001045969-98-000259,1998-02-27_0001045969-98-000259.htm,,,,,,,,,,,,,,,,,,,,,,,,,,,,,,,,,,,,,,,,,,,,,,,,
WFC,1999,2000-03-17,0000912057-00-012168,2000-03-17_0000912057-00-012168.htm,,,,,,,,,,,,,,,,,,,,,,,,,,,,,,,,,,,,,,,,,,,,,,,,
WFC,2000,2001-03-16,0000912057-01-504042,2001-03-16_0000912057-01-504042.txt,,,,,,,,,,,,,,,,,,,,,,,,,,,,,,,,,,,,,,,,,,,,,,,,
WFC,2001,2002-03-15,0000912057-02-010174,2002-03-15_0000912057-02-010174.txt,,,,,,,,,,,,,,,,,,,,,,,,,,,,,,,,,,,,,,,,,,,,,,,,
WFC,2002,2003-03-14,0001047469-03-008749,2003-03-14_0001047469-03-008749.htm,,,,,,,,,,,,,,,,,,,,,,,,,,,,,,,,,,,,,,,,,,,,,,,,
WFC,2003,2004-03-12,0000950134-04-003387,2004-03-12_0000950134-04-003387.htm,,,,,,,,,,,,,,,,,,,337.0,50.0,,,,,,,,,,,,,,,,,,,,,,,,,,,,
WFC,2004,2005-03-10,0000950134-05-004623,2005-03-10_0000950134-05-004623.htm,,,,,,,,,,,,,,,,,,,283.0,44.0,22.0,,,,,,,,,,,,,,,,,,,,,,,,,,,
WFC,2005,2006-03-09,0000950149-06-000083,2006-03-09_0000950149-06-000083.htm,,,,,,,,,,,,,,,,,,,305.0,30.0,3.0,,,,,,,,,,,,,,,,,,,,,,,,,,,
WFC,2006,2007-03-01,0000950134-07-004518,2007-03-01_0000950134-07-004518.htm,,,,,,,,,,,,,,,,,,,,,,,,,,,,,,,,,,,,,,,,,,,,,,,,
WFC,2007,2008-02-29,0000950134-08-003822,2008-02-29_0000950134-08-003822.htm,,,,,,,,,,,,,,,,,,,,,,,,,,,,3.0,,,,,,,,,,,,,,,,,,,,
WFC,2008,2009-02-27,0000950134-09-003967,2009-02-27_0000950134-09-003967.htm,,,,,,,,,,,,,,,,,,,,,,,,,,,,3.0,,,,,,,,,,,,,,,,,,,,
WFC,2009,2010-02-26,0000950123-10-017877,2010-02-26_0000950123-10-017877.htm,,,,,,,,,,,,,,,,,,,,,,,,,,,,3.0,,,,,,,,,,,,,,,,,,,,
WFC,2010,2011-02-25,0000950123-11-018541,2011-02-25_0000950123-11-018541.htm,,,,,,,,,,,,,,,,,,,,,,,,,,,,3.0,,,,,,,,,,,,,,,,,,,,
WFC,2011,2012-02-28,0001193125-12-084528,2012-02-28_0001193125-12-084528.htm,,,,,,,,,,,,,,,,,,,,,,,,,,,,3.0,,,,,,,,,,,,,,,,,,,,
WFC,2012,2013-02-27,0001193125-13-078820,2013-02-27_0001193125-13-078820.htm,,,,,,,,,,,,,,,,,,,,,,,,,,,,3.0,,,,,,,,,,,,,,,,,,,,
WFC,2013,2014-02-26,0000072971-14-000337,2014-02-26_0000072971-14-000337.htm,,,,,,,,,,,,,,,,,,,,,,,,,,,,5.0,,,,,,,,,,,,,,,,,,,,
WFC,2014,2015-02-25,0000072971-15-000449,2015-02-25_0000072971-15-000449.htm,,,,,,,,,,,,,,,,,,,,,,,,,,,,5.0,,,,,,,,,,,,,,,,,,,,
WFC,2015,2016-02-24,0000072971-16-001045,2016-02-24_0000072971-16-001045.htm,,,,,,,,,,,,,,,,,,,,,,,,,,,,5.0,,,,,,,,,,,,,,,,,,,,
WFC,2016,2017-03-01,0000072971-17-000278,2017-03-01_0000072971-17-000278.htm,,,,,,,,,,,,,,,,,,,,,,,,,,,,5.0,,,,,,,,,,,,,,,,,,,,
WFC,2017,2018-03-01,0000072971-18-000272,2018-03-01_0000072971-18-000272.htm,,,,,,,,,,,,,,,,,,,,,,,,,,,,5.0,,,,,,,,,,,,,,,,,,,,
WFC,2018,2019-02-27,0000072971-19-000227,2019-02-27_0000072971-19-000227.htm,,,,,,,,,,,,,,,,,,,,,,,,,,,,,,,,,,,,,,,,,,,,,,,,
WFC,2019,2020-02-27,0000072971-20-000217,2020-02-27_0000072971-20-000217.htm,,,,,,,,,,,,,,,,,,,,,,,,,,,,,,,,,,,,,,,,,,,,,,,,
WFC,2020,2021-02-23,0000072971-21-000197,2021-02-23_0000072971-21-000197.htm,,,,,,,,,,,,,,,,,,,,,,,,,,,,,,,,,,,,,,,,,,,,,,,,
WFC,2021,2022-02-22,0000072971-22-000096,2022-02-22_0000072971-22-000096.htm,,,,,,,,,,,,,,,,,,,,,,,,,,,,,,,,,,,,,,,,,,,,,,,,
WFC,2022,2023-02-21,0000072971-23-000071,2023-02-21_0000072971-23-000071.htm,,,,,,,,,,,,,,,,,,,,,,,,,,,,,,,,,,,,,,,,,,,,,,,,
WFC,2023,2024-02-20,0000072971-24-000064,2024-02-20_0000072971-24-000064.htm,,,,,,,,,,,,,,,,,,,,,,,,,,,,,,,,,,,,,,,,,,,,,,,,
WFC,2024,2025-02-25,0000072971-25-000066,2025-02-25_0000072971-25-000066.htm,,,,,,,,,,,,,,,,,,,,,,,,,,,,,,,,,,,,,,,,,,,,,,,,
WFC,2025,2026-02-24,0000072971-26-000133,2026-02-24_0000072971-26-000133.htm,,,,,,,,,,,,,,,,,,,,,,,,,,,,,,,,,,,,,,,,,,,,,,,,
